-0.25,2.594e-06,1.1,-1.787e-06,1.1,-1.966e-06,-0.25,7.247e-06
-0.25,-1.17e-06,1.09,-1.284e-06,1.098,-1.77e-06,-0.248,5.377e-06
-0.24,-1.252e-06,1.08,-1.002e-06,1.096,-1.622e-06,-0.246,5.062e-06
-0.23,-1.282e-06,1.07,-8.071e-07,1.094,-1.52e-06,-0.244,4.923e-06
-0.22,-1.277e-06,1.06,-6.677e-07,1.092,-1.419e-06,-0.242,4.811e-06
-0.21,-1.245e-06,1.05,-5.577e-07,1.09,-1.348e-06,-0.24,4.746e-06
-0.2,-1.221e-06,1.04,-4.729e-07,1.088,-1.265e-06,-0.238,4.668e-06
-0.19,-1.168e-06,1.03,-4.063e-07,1.086,-1.206e-06,-0.236,4.635e-06
-0.18,-1.117e-06,1.02,-3.462e-07,1.084,-1.127e-06,-0.234,4.575e-06
-0.17,-1.083e-06,1.01,-2.939e-07,1.082,-1.087e-06,-0.232,4.552e-06
-0.16,-1.082e-06,1.0,-2.506e-07,1.08,-1.024e-06,-0.23,4.516e-06
-0.15,-1.098e-06,0.99,-2.149e-07,1.078,-9.816e-07,-0.228,4.491e-06
-0.14,-1.132e-06,0.98,-1.795e-07,1.076,-9.277e-07,-0.226,4.461e-06
-0.13,-1.166e-06,0.97,-1.451e-07,1.074,-9.039e-07,-0.224,4.469e-06
-0.12,-1.198e-06,0.96,-1.219e-07,1.072,-8.532e-07,-0.222,4.436e-06
-0.11,-1.242e-06,0.95,-9.288e-08,1.07,-8.251e-07,-0.22,4.439e-06
-0.1,-1.301e-06,0.94,-6.587e-08,1.068,-7.809e-07,-0.218,4.406e-06
-0.09,-1.355e-06,0.93,-4.564e-08,1.066,-7.646e-07,-0.216,4.421e-06
-0.08,-1.374e-06,0.92,-2.693e-08,1.064,-7.299e-07,-0.214,4.403e-06
-0.07,-1.323e-06,0.91,-9.089e-10,1.062,-7.068e-07,-0.212,4.401e-06
-0.06,-1.186e-06,0.9,8.389e-09,1.06,-6.76e-07,-0.21,4.39e-06
-0.05,-9.984e-07,0.89,3.523e-08,1.058,-6.498e-07,-0.208,4.4e-06
-0.04,-8.236e-07,0.88,5.002e-08,1.056,-6.3e-07,-0.206,4.372e-06
-0.03,-6.818e-07,0.87,6.981e-08,1.054,-6.089e-07,-0.204,4.427e-06
-0.02,-5.802e-07,0.86,8.591e-08,1.052,-5.822e-07,-0.202,4.387e-06
-0.01,-5.029e-07,0.85,1.076e-07,1.05,-5.685e-07,-0.2,4.398e-06
-0.0,-4.397e-07,0.84,1.201e-07,1.048,-5.361e-07,-0.198,4.384e-06
0.01,-3.947e-07,0.83,1.364e-07,1.046,-5.315e-07,-0.196,4.395e-06
0.02,-3.503e-07,0.82,1.524e-07,1.044,-4.978e-07,-0.194,4.389e-06
0.03,-3.264e-07,0.81,1.726e-07,1.042,-4.878e-07,-0.192,4.41e-06
0.04,-2.969e-07,0.8,1.875e-07,1.04,-4.72e-07,-0.19,4.395e-06
0.05,-2.779e-07,0.79,2.126e-07,1.038,-4.589e-07,-0.188,4.414e-06
0.06,-2.549e-07,0.78,2.242e-07,1.036,-4.382e-07,-0.186,4.404e-06
0.07,-2.427e-07,0.77,2.487e-07,1.034,-4.357e-07,-0.184,4.414e-06
0.08,-2.372e-07,0.76,2.655e-07,1.032,-4.106e-07,-0.182,4.39e-06
0.09,-2.194e-07,0.75,2.871e-07,1.03,-4.001e-07,-0.18,4.408e-06
0.1,-2.069e-07,0.74,3.057e-07,1.028,-3.875e-07,-0.178,4.384e-06
0.11,-1.969e-07,0.73,3.261e-07,1.026,-3.836e-07,-0.176,4.405e-06
0.12,-1.918e-07,0.72,3.508e-07,1.024,-3.62e-07,-0.174,4.388e-06
0.13,-1.84e-07,0.71,3.769e-07,1.022,-3.469e-07,-0.172,4.405e-06
0.14,-1.789e-07,0.7,4.045e-07,1.02,-3.402e-07,-0.17,4.399e-06
0.15,-1.658e-07,0.69,4.358e-07,1.018,-3.387e-07,-0.168,4.402e-06
0.16,-1.566e-07,0.68,4.662e-07,1.016,-3.215e-07,-0.166,4.395e-06
0.17,-1.509e-07,0.67,5.039e-07,1.014,-3.155e-07,-0.164,4.401e-06
0.18,-1.464e-07,0.66,5.305e-07,1.012,-2.946e-07,-0.162,4.381e-06
0.19,-1.453e-07,0.65,5.741e-07,1.01,-2.919e-07,-0.16,4.391e-06
0.2,-1.445e-07,0.64,6.177e-07,1.008,-2.82e-07,-0.158,4.359e-06
0.21,-1.434e-07,0.63,6.63e-07,1.006,-2.799e-07,-0.156,4.381e-06
0.22,-1.436e-07,0.62,7.138e-07,1.004,-2.537e-07,-0.154,4.34e-06
0.23,-1.412e-07,0.61,7.667e-07,1.002,-2.495e-07,-0.152,4.357e-06
0.24,-1.421e-07,0.6,8.252e-07,1.0,-2.428e-07,-0.15,4.336e-06
0.25,-1.397e-07,0.59,8.963e-07,0.998,-2.424e-07,-0.148,4.347e-06
0.26,-1.412e-07,0.58,9.675e-07,0.996,-2.328e-07,-0.146,4.327e-06
0.27,-1.384e-07,0.57,1.056e-06,0.994,-2.325e-07,-0.144,4.335e-06
0.28,-1.411e-07,0.56,1.142e-06,0.992,-2.088e-07,-0.142,4.315e-06
0.29,-1.386e-07,0.55,1.251e-06,0.99,-2.064e-07,-0.14,4.323e-06
0.3,-1.424e-07,0.54,1.361e-06,0.988,-1.947e-07,-0.138,4.299e-06
0.31,-1.416e-07,0.53,1.51e-06,0.986,-1.944e-07,-0.136,4.298e-06
0.32,-1.439e-07,0.52,1.653e-06,0.984,-1.854e-07,-0.134,4.27e-06
0.33,-1.438e-07,0.51,1.815e-06,0.982,-1.87e-07,-0.132,4.276e-06
0.34,-1.45e-07,0.5,1.981e-06,0.98,-1.651e-07,-0.13,4.235e-06
0.35,-1.464e-07,0.49,2.163e-06,0.978,-1.645e-07,-0.128,4.249e-06
0.36,-1.494e-07,0.48,2.342e-06,0.976,-1.498e-07,-0.126,4.213e-06
0.37,-1.599e-07,0.47,2.538e-06,0.974,-1.481e-07,-0.124,4.218e-06
0.38,-1.753e-07,0.46,2.713e-06,0.972,-1.447e-07,-0.122,4.189e-06
0.39,-1.846e-07,0.45,2.869e-06,0.97,-1.45e-07,-0.12,4.187e-06
0.4,-1.95e-07,0.44,2.985e-06,0.968,-1.393e-07,-0.118,4.162e-06
0.41,-2.103e-07,0.43,3.052e-06,0.966,-1.409e-07,-0.116,4.17e-06
0.42,-2.352e-07,0.42,3.058e-06,0.964,-1.251e-07,-0.114,4.128e-06
0.43,-2.446e-07,0.41,3.015e-06,0.962,-1.236e-07,-0.112,4.134e-06
0.44,-2.717e-07,0.4,2.897e-06,0.96,-1.077e-07,-0.11,4.088e-06
0.45,-2.973e-07,0.39,2.751e-06,0.958,-1.055e-07,-0.108,4.091e-06
0.46,-3.366e-07,0.38,2.571e-06,0.956,-9.757e-08,-0.106,4.056e-06
0.47,-3.711e-07,0.37,2.377e-06,0.954,-9.724e-08,-0.104,4.045e-06
0.48,-4.301e-07,0.36,2.183e-06,0.952,-9.147e-08,-0.102,4.007e-06
0.49,-4.992e-07,0.35,2.004e-06,0.95,-9.423e-08,-0.1,4.015e-06
0.5,-5.893e-07,0.34,1.829e-06,0.948,-8.028e-08,-0.098,3.986e-06
0.51,-6.944e-07,0.33,1.68e-06,0.946,-8.475e-08,-0.096,3.99e-06
0.52,-8.017e-07,0.32,1.539e-06,0.944,-6.545e-08,-0.094,3.964e-06
0.53,-8.991e-07,0.31,1.411e-06,0.942,-6.47e-08,-0.092,3.969e-06
0.54,-9.829e-07,0.3,1.3e-06,0.94,-5.294e-08,-0.09,3.947e-06
0.55,-1.052e-06,0.29,1.216e-06,0.938,-5.191e-08,-0.088,3.946e-06
0.56,-1.117e-06,0.28,1.132e-06,0.936,-4.812e-08,-0.086,3.924e-06
0.57,-1.162e-06,0.27,1.071e-06,0.934,-4.803e-08,-0.084,3.926e-06
0.58,-1.211e-06,0.26,1.006e-06,0.932,-4.532e-08,-0.082,3.906e-06
0.59,-1.242e-06,0.25,9.562e-07,0.93,-4.659e-08,-0.08,3.918e-06
0.6,-1.275e-06,0.24,9.045e-07,0.928,-3.769e-08,-0.078,3.907e-06
0.61,-1.302e-06,0.23,8.69e-07,0.926,-4.036e-08,-0.076,3.937e-06
0.62,-1.327e-06,0.22,8.301e-07,0.924,-2.479e-08,-0.074,3.924e-06
0.63,-1.352e-06,0.21,7.974e-07,0.922,-2.064e-08,-0.072,3.958e-06
0.64,-1.372e-06,0.2,7.598e-07,0.92,-1.054e-08,-0.07,3.963e-06
0.65,-1.393e-06,0.19,7.366e-07,0.918,-9.504e-09,-0.068,4e-06
0.66,-1.413e-06,0.18,7.077e-07,0.916,-2.509e-09,-0.066,4.001e-06
0.67,-1.428e-06,0.17,6.941e-07,0.914,-7.512e-10,-0.064,4.046e-06
0.68,-1.444e-06,0.16,6.697e-07,0.912,1.465e-09,-0.062,4.051e-06
0.69,-1.453e-06,0.15,6.599e-07,0.91,1.089e-09,-0.06,4.09e-06
0.7,-1.467e-06,0.14,6.406e-07,0.908,5.218e-09,-0.058,4.107e-06
0.71,-1.483e-06,0.13,6.254e-07,0.906,2.435e-09,-0.056,4.152e-06
0.72,-1.504e-06,0.12,6.096e-07,0.904,1.201e-08,-0.054,4.172e-06
0.73,-1.511e-06,0.11,6.083e-07,0.902,7.837e-09,-0.052,4.218e-06
0.74,-1.518e-06,0.1,5.96e-07,0.9,2.391e-08,-0.05,4.235e-06
0.75,-1.534e-06,0.09,5.877e-07,0.898,1.943e-08,-0.048,4.285e-06
0.76,-1.554e-06,0.08,5.771e-07,0.896,3.296e-08,-0.046,4.3e-06
0.77,-1.562e-06,0.07,5.746e-07,0.894,3.376e-08,-0.044,4.349e-06
0.78,-1.574e-06,0.06,5.675e-07,0.892,4.391e-08,-0.042,4.362e-06
0.79,-1.592e-06,0.05,5.725e-07,0.89,4.558e-08,-0.04,4.403e-06
0.8,-1.608e-06,0.04,5.718e-07,0.888,4.842e-08,-0.038,4.409e-06
0.81,-1.622e-06,0.03,5.865e-07,0.886,4.902e-08,-0.036,4.448e-06
0.82,-1.646e-06,0.02,5.968e-07,0.884,5.15e-08,-0.034,4.45e-06
0.83,-1.671e-06,0.01,6.158e-07,0.882,5.032e-08,-0.032,4.486e-06
0.84,-1.701e-06,0.0,6.399e-07,0.88,5.84e-08,-0.03,4.494e-06
0.85,-1.713e-06,-0.01,6.859e-07,0.878,5.285e-08,-0.028,4.535e-06
0.86,-1.738e-06,-0.02,7.22e-07,0.876,6.924e-08,-0.026,4.541e-06
0.87,-1.76e-06,-0.03,7.942e-07,0.874,5.96e-08,-0.024,4.577e-06
0.88,-1.789e-06,-0.04,8.747e-07,0.872,8.083e-08,-0.022,4.579e-06
0.89,-1.807e-06,-0.05,9.845e-07,0.87,7.026e-08,-0.02,4.627e-06
0.9,-1.831e-06,-0.06,1.11e-06,0.868,8.903e-08,-0.018,4.623e-06
0.91,-1.854e-06,-0.07,1.254e-06,0.866,7.693e-08,-0.016,4.658e-06
0.92,-1.884e-06,-0.08,1.409e-06,0.864,9.273e-08,-0.014,4.658e-06
0.93,-1.902e-06,-0.09,1.566e-06,0.862,8.422e-08,-0.012,4.682e-06
0.94,-1.92e-06,-0.1,1.68e-06,0.86,9.733e-08,-0.01,4.672e-06
0.95,-1.945e-06,-0.11,1.736e-06,0.858,9.236e-08,-0.008,4.695e-06
0.96,-1.966e-06,-0.12,1.731e-06,0.856,1.07e-07,-0.006,4.693e-06
0.97,-1.992e-06,-0.13,1.694e-06,0.854,9.808e-08,-0.004,4.709e-06
0.98,-2.005e-06,-0.14,1.655e-06,0.852,1.183e-07,-0.002,4.706e-06
0.99,-2.028e-06,-0.15,1.657e-06,0.85,1.033e-07,-0.0,4.739e-06
1.0,-2.047e-06,-0.16,1.681e-06,0.848,1.272e-07,0.002,4.729e-06
1.01,-2.063e-06,-0.17,1.752e-06,0.846,1.075e-07,0.004,4.753e-06
1.02,-2.086e-06,-0.18,1.84e-06,0.844,1.337e-07,0.006,4.751e-06
1.03,-2.097e-06,-0.19,1.972e-06,0.842,1.125e-07,0.008,4.774e-06
1.04,-2.105e-06,-0.2,2.105e-06,0.84,1.364e-07,0.01,4.761e-06
1.05,-2.123e-06,-0.21,2.263e-06,0.838,1.196e-07,0.012,4.786e-06
1.06,-2.143e-06,-0.22,2.38e-06,0.836,1.384e-07,0.014,4.77e-06
1.07,-2.157e-06,-0.23,2.479e-06,0.834,1.314e-07,0.016,4.789e-06
1.08,-2.18e-06,-0.24,2.548e-06,0.832,1.441e-07,0.018,4.778e-06
1.09,-2.192e-06,-0.25,2.594e-06,0.83,1.408e-07,0.02,4.795e-06
1.1,-1.787e-06,,,0.828,1.529e-07,0.022,4.792e-06
,,,,0.826,1.466e-07,0.024,4.803e-06
,,,,0.824,1.65e-07,0.026,4.797e-06
,,,,0.822,1.509e-07,0.028,4.816e-06
,,,,0.82,1.724e-07,0.03,4.798e-06
,,,,0.818,1.542e-07,0.032,4.824e-06
,,,,0.816,1.814e-07,0.034,4.802e-06
,,,,0.814,1.604e-07,0.036,4.827e-06
,,,,0.812,1.845e-07,0.038,4.803e-06
,,,,0.81,1.709e-07,0.04,4.831e-06
,,,,0.808,1.876e-07,0.042,4.813e-06
,,,,0.806,1.804e-07,0.044,4.837e-06
,,,,0.804,1.932e-07,0.046,4.825e-06
,,,,0.802,1.916e-07,0.048,4.84e-06
,,,,0.8,2.023e-07,0.05,4.827e-06
,,,,0.798,1.962e-07,0.052,4.836e-06
,,,,0.796,2.132e-07,0.054,4.814e-06
,,,,0.794,1.987e-07,0.056,4.832e-06
,,,,0.792,2.251e-07,0.058,4.804e-06
,,,,0.79,2.04e-07,0.06,4.83e-06
,,,,0.788,2.311e-07,0.062,4.806e-06
,,,,0.786,2.085e-07,0.064,4.832e-06
,,,,0.784,2.336e-07,0.066,4.809e-06
,,,,0.782,2.189e-07,0.068,4.833e-06
,,,,0.78,2.367e-07,0.07,4.809e-06
,,,,0.778,2.304e-07,0.072,4.832e-06
,,,,0.776,2.424e-07,0.074,4.802e-06
,,,,0.774,2.392e-07,0.076,4.825e-06
,,,,0.772,2.542e-07,0.078,4.796e-06
,,,,0.77,2.46e-07,0.08,4.814e-06
,,,,0.768,2.704e-07,0.082,4.795e-06
,,,,0.766,2.504e-07,0.084,4.809e-06
,,,,0.764,2.775e-07,0.086,4.793e-06
,,,,0.762,2.564e-07,0.088,4.805e-06
,,,,0.76,2.818e-07,0.09,4.793e-06
,,,,0.758,2.659e-07,0.092,4.804e-06
,,,,0.756,2.847e-07,0.094,4.793e-06
,,,,0.754,2.815e-07,0.096,4.803e-06
,,,,0.752,2.903e-07,0.098,4.791e-06
,,,,0.75,2.897e-07,0.1,4.793e-06
,,,,0.748,3.008e-07,0.102,4.779e-06
,,,,0.746,2.946e-07,0.104,4.785e-06
,,,,0.744,3.161e-07,0.106,4.763e-06
,,,,0.742,2.985e-07,0.108,4.781e-06
,,,,0.74,3.256e-07,0.11,4.753e-06
,,,,0.738,3.031e-07,0.112,4.777e-06
,,,,0.736,3.303e-07,0.114,4.751e-06
,,,,0.734,3.122e-07,0.116,4.774e-06
,,,,0.732,3.33e-07,0.118,4.749e-06
,,,,0.73,3.255e-07,0.12,4.769e-06
,,,,0.728,3.392e-07,0.122,4.747e-06
,,,,0.726,3.384e-07,0.124,4.755e-06
,,,,0.724,3.52e-07,0.126,4.741e-06
,,,,0.722,3.446e-07,0.128,4.742e-06
,,,,0.72,3.68e-07,0.13,4.729e-06
,,,,0.718,3.506e-07,0.132,4.737e-06
,,,,0.716,3.788e-07,0.134,4.719e-06
,,,,0.714,3.598e-07,0.136,4.734e-06
,,,,0.712,3.818e-07,0.138,4.71e-06
,,,,0.71,3.752e-07,0.14,4.73e-06
,,,,0.708,3.906e-07,0.142,4.703e-06
,,,,0.706,3.894e-07,0.144,4.722e-06
,,,,0.704,4.056e-07,0.146,4.698e-06
,,,,0.702,3.949e-07,0.148,4.709e-06
,,,,0.7,4.224e-07,0.15,4.695e-06
,,,,0.698,4.004e-07,0.152,4.7e-06
,,,,0.696,4.288e-07,0.154,4.692e-06
,,,,0.694,4.133e-07,0.156,4.697e-06
,,,,0.692,4.326e-07,0.158,4.692e-06
,,,,0.69,4.323e-07,0.16,4.694e-06
,,,,0.688,4.461e-07,0.162,4.685e-06
,,,,0.686,4.416e-07,0.164,4.687e-06
,,,,0.684,4.68e-07,0.166,4.662e-06
,,,,0.682,4.485e-07,0.168,4.678e-06
,,,,0.68,4.773e-07,0.17,4.651e-06
,,,,0.678,4.611e-07,0.172,4.665e-06
,,,,0.676,4.82e-07,0.174,4.648e-06
,,,,0.674,4.832e-07,0.176,4.659e-06
,,,,0.672,4.973e-07,0.178,4.646e-06
,,,,0.67,4.913e-07,0.18,4.654e-06
,,,,0.668,5.193e-07,0.182,4.643e-06
,,,,0.666,5.002e-07,0.184,4.644e-06
,,,,0.664,5.273e-07,0.186,4.631e-06
,,,,0.662,5.188e-07,0.188,4.637e-06
,,,,0.66,5.348e-07,0.19,4.607e-06
,,,,0.658,5.367e-07,0.192,4.628e-06
,,,,0.656,5.583e-07,0.194,4.599e-06
,,,,0.654,5.446e-07,0.196,4.615e-06
,,,,0.652,5.744e-07,0.198,4.59e-06
,,,,0.65,5.622e-07,0.2,4.603e-06
,,,,0.648,5.829e-07,0.202,4.579e-06
,,,,0.646,5.852e-07,0.204,4.599e-06
,,,,0.644,6.09e-07,0.206,4.573e-06
,,,,0.642,5.941e-07,0.208,4.591e-06
,,,,0.64,6.238e-07,0.21,4.557e-06
,,,,0.638,6.141e-07,0.212,4.578e-06
,,,,0.636,6.342e-07,0.214,4.549e-06
,,,,0.634,6.359e-07,0.216,4.552e-06
,,,,0.632,6.64e-07,0.218,4.535e-06
,,,,0.63,6.475e-07,0.22,4.54e-06
,,,,0.628,6.749e-07,0.222,4.511e-06
,,,,0.626,6.778e-07,0.224,4.533e-06
,,,,0.624,6.953e-07,0.226,4.504e-06
,,,,0.622,6.9e-07,0.228,4.523e-06
,,,,0.62,7.205e-07,0.23,4.501e-06
,,,,0.618,7.091e-07,0.232,4.507e-06
,,,,0.616,7.308e-07,0.234,4.493e-06
,,,,0.614,7.305e-07,0.236,4.493e-06
,,,,0.612,7.604e-07,0.238,4.464e-06
,,,,0.61,7.482e-07,0.24,4.479e-06
,,,,0.608,7.755e-07,0.242,4.453e-06
,,,,0.606,7.818e-07,0.244,4.459e-06
,,,,0.604,8.098e-07,0.246,4.447e-06
,,,,0.602,7.97e-07,0.248,4.446e-06
,,,,0.6,8.255e-07,0.25,4.431e-06
,,,,0.598,8.313e-07,0.252,4.44e-06
,,,,0.596,8.627e-07,0.254,4.409e-06
,,,,0.594,8.506e-07,0.256,4.425e-06
,,,,0.592,8.789e-07,0.258,4.403e-06
,,,,0.59,8.829e-07,0.26,4.405e-06
,,,,0.588,9.152e-07,0.262,4.391e-06
,,,,0.586,9.093e-07,0.264,4.393e-06
,,,,0.584,9.37e-07,0.266,4.365e-06
,,,,0.582,9.355e-07,0.268,4.38e-06
,,,,0.58,9.691e-07,0.27,4.353e-06
,,,,0.578,9.771e-07,0.272,4.352e-06
,,,,0.576,1.01e-06,0.274,4.335e-06
,,,,0.574,1.004e-06,0.276,4.34e-06
,,,,0.572,1.036e-06,0.278,4.308e-06
,,,,0.57,1.037e-06,0.28,4.319e-06
,,,,0.568,1.072e-06,0.282,4.301e-06
,,,,0.566,1.079e-06,0.284,4.3e-06
,,,,0.564,1.113e-06,0.286,4.275e-06
,,,,0.562,1.12e-06,0.288,4.284e-06
,,,,0.56,1.153e-06,0.29,4.255e-06
,,,,0.558,1.158e-06,0.292,4.253e-06
,,,,0.556,1.196e-06,0.294,4.228e-06
,,,,0.554,1.195e-06,0.296,4.238e-06
,,,,0.552,1.236e-06,0.298,4.208e-06
,,,,0.55,1.237e-06,0.3,4.208e-06
,,,,0.548,1.28e-06,0.302,4.189e-06
,,,,0.546,1.284e-06,0.304,4.193e-06
,,,,0.544,1.322e-06,0.306,4.16e-06
,,,,0.542,1.333e-06,0.308,4.158e-06
,,,,0.54,1.381e-06,0.31,4.134e-06
,,,,0.538,1.388e-06,0.312,4.14e-06
,,,,0.536,1.445e-06,0.314,4.108e-06
,,,,0.534,1.462e-06,0.316,4.105e-06
,,,,0.532,1.51e-06,0.318,4.07e-06
,,,,0.53,1.525e-06,0.32,4.076e-06
,,,,0.528,1.569e-06,0.322,4.05e-06
,,,,0.526,1.586e-06,0.324,4.047e-06
,,,,0.524,1.644e-06,0.326,4.014e-06
,,,,0.522,1.663e-06,0.328,4.018e-06
,,,,0.52,1.707e-06,0.33,3.993e-06
,,,,0.518,1.724e-06,0.332,3.997e-06
,,,,0.516,1.784e-06,0.334,3.963e-06
,,,,0.514,1.81e-06,0.336,3.958e-06
,,,,0.512,1.862e-06,0.338,3.92e-06
,,,,0.51,1.889e-06,0.34,3.917e-06
,,,,0.508,1.95e-06,0.342,3.881e-06
,,,,0.506,1.973e-06,0.344,3.877e-06
,,,,0.504,2.044e-06,0.346,3.843e-06
,,,,0.502,2.068e-06,0.348,3.843e-06
,,,,0.5,2.141e-06,0.35,3.81e-06
,,,,0.498,2.174e-06,0.352,3.805e-06
,,,,0.496,2.249e-06,0.354,3.768e-06
,,,,0.494,2.294e-06,0.356,3.762e-06
,,,,0.492,2.367e-06,0.358,3.722e-06
,,,,0.49,2.415e-06,0.36,3.716e-06
,,,,0.488,2.495e-06,0.362,3.675e-06
,,,,0.486,2.549e-06,0.364,3.665e-06
,,,,0.484,2.64e-06,0.366,3.626e-06
,,,,0.482,2.699e-06,0.368,3.619e-06
,,,,0.48,2.797e-06,0.37,3.577e-06
,,,,0.478,2.868e-06,0.372,3.57e-06
,,,,0.476,2.976e-06,0.374,3.53e-06
,,,,0.474,3.06e-06,0.376,3.522e-06
,,,,0.472,3.175e-06,0.378,3.48e-06
,,,,0.47,3.266e-06,0.38,3.468e-06
,,,,0.468,3.4e-06,0.382,3.427e-06
,,,,0.466,3.501e-06,0.384,3.418e-06
,,,,0.464,3.642e-06,0.386,3.375e-06
,,,,0.462,3.755e-06,0.388,3.36e-06
,,,,0.46,3.914e-06,0.39,3.317e-06
,,,,0.458,4.043e-06,0.392,3.302e-06
,,,,0.456,4.217e-06,0.394,3.25e-06
,,,,0.454,4.364e-06,0.396,3.238e-06
,,,,0.452,4.554e-06,0.398,3.192e-06
,,,,0.45,4.73e-06,0.4,3.173e-06
,,,,0.448,4.933e-06,0.402,3.128e-06
,,,,0.446,5.108e-06,0.404,3.109e-06
,,,,0.444,5.328e-06,0.406,3.06e-06
,,,,0.442,5.524e-06,0.408,3.039e-06
,,,,0.44,5.755e-06,0.41,2.989e-06
,,,,0.438,5.964e-06,0.412,2.967e-06
,,,,0.436,6.225e-06,0.414,2.912e-06
,,,,0.434,6.446e-06,0.416,2.889e-06
,,,,0.432,6.705e-06,0.418,2.838e-06
,,,,0.43,6.939e-06,0.42,2.82e-06
,,,,0.428,7.211e-06,0.422,2.766e-06
,,,,0.426,7.45e-06,0.424,2.74e-06
,,,,0.424,7.743e-06,0.426,2.687e-06
,,,,0.422,7.993e-06,0.428,2.665e-06
,,,,0.42,8.274e-06,0.43,2.61e-06
,,,,0.418,8.525e-06,0.432,2.582e-06
,,,,0.416,8.807e-06,0.434,2.525e-06
,,,,0.414,9.055e-06,0.436,2.498e-06
,,,,0.412,9.338e-06,0.438,2.444e-06
,,,,0.41,9.585e-06,0.44,2.418e-06
,,,,0.408,9.862e-06,0.442,2.356e-06
,,,,0.406,1.01e-05,0.444,2.33e-06
,,,,0.404,1.037e-05,0.446,2.27e-06
,,,,0.402,1.059e-05,0.448,2.242e-06
,,,,0.4,1.086e-05,0.45,2.181e-06
,,,,0.398,1.108e-05,0.452,2.152e-06
,,,,0.396,1.131e-05,0.454,2.095e-06
,,,,0.394,1.151e-05,0.456,2.064e-06
,,,,0.392,1.173e-05,0.458,2.004e-06
,,,,0.39,1.191e-05,0.46,1.972e-06
,,,,0.388,1.211e-05,0.462,1.907e-06
,,,,0.386,1.227e-05,0.464,1.876e-06
,,,,0.384,1.246e-05,0.466,1.812e-06
,,,,0.382,1.259e-05,0.468,1.781e-06
,,,,0.38,1.275e-05,0.47,1.715e-06
,,,,0.378,1.286e-05,0.472,1.685e-06
,,,,0.376,1.3e-05,0.474,1.621e-06
,,,,0.374,1.308e-05,0.476,1.584e-06
,,,,0.372,1.32e-05,0.478,1.519e-06
,,,,0.37,1.327e-05,0.48,1.481e-06
,,,,0.368,1.337e-05,0.482,1.398e-06
,,,,0.366,1.341e-05,0.484,1.361e-06
,,,,0.364,1.348e-05,0.486,1.294e-06
,,,,0.362,1.351e-05,0.488,1.258e-06
,,,,0.36,1.357e-05,0.49,1.189e-06
,,,,0.358,1.357e-05,0.492,1.151e-06
,,,,0.356,1.361e-05,0.494,1.081e-06
,,,,0.354,1.358e-05,0.496,1.044e-06
,,,,0.352,1.362e-05,0.498,9.703e-07
,,,,0.35,1.358e-05,0.5,9.294e-07
,,,,0.348,1.358e-05,0.502,8.608e-07
,,,,0.346,1.354e-05,0.504,8.208e-07
,,,,0.344,1.353e-05,0.506,7.475e-07
,,,,0.342,1.348e-05,0.508,7.071e-07
,,,,0.34,1.347e-05,0.51,6.322e-07
,,,,0.338,1.34e-05,0.512,5.88e-07
,,,,0.336,1.337e-05,0.514,5.173e-07
,,,,0.334,1.329e-05,0.516,4.787e-07
,,,,0.332,1.325e-05,0.518,4.075e-07
,,,,0.33,1.317e-05,0.52,3.669e-07
,,,,0.328,1.313e-05,0.522,2.98e-07
,,,,0.326,1.304e-05,0.524,2.594e-07
,,,,0.324,1.299e-05,0.526,1.894e-07
,,,,0.322,1.289e-05,0.528,1.526e-07
,,,,0.32,1.284e-05,0.53,8.585e-08
,,,,0.318,1.275e-05,0.532,4.886e-08
,,,,0.316,1.27e-05,0.534,-7.884e-09
,,,,0.314,1.26e-05,0.536,-4.663e-08
,,,,0.312,1.254e-05,0.538,-9.947e-08
,,,,0.31,1.244e-05,0.54,-1.379e-07
,,,,0.308,1.238e-05,0.542,-1.885e-07
,,,,0.306,1.227e-05,0.544,-2.285e-07
,,,,0.304,1.22e-05,0.546,-2.766e-07
,,,,0.302,1.211e-05,0.548,-3.126e-07
,,,,0.3,1.205e-05,0.55,-3.531e-07
,,,,0.298,1.195e-05,0.552,-3.853e-07
,,,,0.296,1.189e-05,0.554,-4.315e-07
,,,,0.294,1.18e-05,0.556,-4.651e-07
,,,,0.292,1.173e-05,0.558,-5.023e-07
,,,,0.29,1.164e-05,0.56,-5.287e-07
,,,,0.288,1.157e-05,0.562,-5.691e-07
,,,,0.286,1.148e-05,0.564,-5.968e-07
,,,,0.284,1.142e-05,0.566,-6.32e-07
,,,,0.282,1.133e-05,0.568,-6.56e-07
,,,,0.28,1.127e-05,0.57,-6.88e-07
,,,,0.278,1.118e-05,0.572,-7.127e-07
,,,,0.276,1.112e-05,0.574,-7.425e-07
,,,,0.274,1.103e-05,0.576,-7.63e-07
,,,,0.272,1.098e-05,0.578,-7.939e-07
,,,,0.27,1.089e-05,0.58,-8.128e-07
,,,,0.268,1.083e-05,0.582,-8.4e-07
,,,,0.266,1.074e-05,0.584,-8.575e-07
,,,,0.264,1.069e-05,0.586,-8.845e-07
,,,,0.262,1.06e-05,0.588,-9.028e-07
,,,,0.26,1.055e-05,0.59,-9.255e-07
,,,,0.258,1.047e-05,0.592,-9.355e-07
,,,,0.256,1.043e-05,0.594,-9.651e-07
,,,,0.254,1.035e-05,0.596,-9.718e-07
,,,,0.252,1.03e-05,0.598,-9.976e-07
,,,,0.25,1.023e-05,0.6,-1.01e-06
,,,,0.248,1.019e-05,0.602,-1.027e-06
,,,,0.246,1.011e-05,0.604,-1.036e-06
,,,,0.244,1.007e-05,0.606,-1.061e-06
,,,,0.242,9.999e-06,0.608,-1.064e-06
,,,,0.24,9.954e-06,0.61,-1.088e-06
,,,,0.238,9.878e-06,0.612,-1.095e-06
,,,,0.236,9.848e-06,0.614,-1.11e-06
,,,,0.234,9.769e-06,0.616,-1.112e-06
,,,,0.232,9.74e-06,0.618,-1.126e-06
,,,,0.23,9.668e-06,0.62,-1.134e-06
,,,,0.228,9.638e-06,0.622,-1.153e-06
,,,,0.226,9.57e-06,0.624,-1.156e-06
,,,,0.224,9.535e-06,0.626,-1.172e-06
,,,,0.222,9.473e-06,0.628,-1.175e-06
,,,,0.22,9.444e-06,0.63,-1.19e-06
,,,,0.218,9.376e-06,0.632,-1.196e-06
,,,,0.216,9.348e-06,0.634,-1.213e-06
,,,,0.214,9.281e-06,0.636,-1.211e-06
,,,,0.212,9.265e-06,0.638,-1.223e-06
,,,,0.21,9.193e-06,0.64,-1.223e-06
,,,,0.208,9.172e-06,0.642,-1.24e-06
,,,,0.206,9.117e-06,0.644,-1.238e-06
,,,,0.204,9.079e-06,0.646,-1.257e-06
,,,,0.202,9.031e-06,0.648,-1.254e-06
,,,,0.2,8.997e-06,0.65,-1.268e-06
,,,,0.198,8.937e-06,0.652,-1.265e-06
,,,,0.196,8.92e-06,0.654,-1.276e-06
,,,,0.194,8.861e-06,0.656,-1.276e-06
,,,,0.192,8.836e-06,0.658,-1.29e-06
,,,,0.19,8.79e-06,0.66,-1.29e-06
,,,,0.188,8.776e-06,0.662,-1.306e-06
,,,,0.186,8.719e-06,0.664,-1.302e-06
,,,,0.184,8.695e-06,0.666,-1.317e-06
,,,,0.182,8.645e-06,0.668,-1.312e-06
,,,,0.18,8.632e-06,0.67,-1.322e-06
,,,,0.178,8.582e-06,0.672,-1.32e-06
,,,,0.176,8.551e-06,0.674,-1.329e-06
,,,,0.174,8.501e-06,0.676,-1.327e-06
,,,,0.172,8.49e-06,0.678,-1.339e-06
,,,,0.17,8.448e-06,0.68,-1.34e-06
,,,,0.168,8.435e-06,0.682,-1.352e-06
,,,,0.166,8.389e-06,0.684,-1.347e-06
,,,,0.164,8.372e-06,0.686,-1.362e-06
,,,,0.162,8.32e-06,0.688,-1.355e-06
,,,,0.16,8.305e-06,0.69,-1.367e-06
,,,,0.158,8.258e-06,0.692,-1.362e-06
,,,,0.156,8.247e-06,0.694,-1.373e-06
,,,,0.154,8.205e-06,0.696,-1.371e-06
,,,,0.152,8.195e-06,0.698,-1.379e-06
,,,,0.15,8.154e-06,0.7,-1.379e-06
,,,,0.148,8.146e-06,0.702,-1.391e-06
,,,,0.146,8.107e-06,0.704,-1.384e-06
,,,,0.144,8.099e-06,0.706,-1.402e-06
,,,,0.142,8.059e-06,0.708,-1.394e-06
,,,,0.14,8.05e-06,0.71,-1.409e-06
,,,,0.138,8.009e-06,0.712,-1.403e-06
,,,,0.136,8e-06,0.714,-1.414e-06
,,,,0.134,7.957e-06,0.716,-1.411e-06
,,,,0.132,7.948e-06,0.718,-1.419e-06
,,,,0.13,7.908e-06,0.72,-1.417e-06
,,,,0.128,7.901e-06,0.722,-1.424e-06
,,,,0.126,7.862e-06,0.724,-1.424e-06
,,,,0.124,7.854e-06,0.726,-1.432e-06
,,,,0.122,7.815e-06,0.728,-1.429e-06
,,,,0.12,7.81e-06,0.73,-1.439e-06
,,,,0.118,7.772e-06,0.732,-1.435e-06
,,,,0.116,7.767e-06,0.734,-1.452e-06
,,,,0.114,7.726e-06,0.736,-1.441e-06
,,,,0.112,7.718e-06,0.738,-1.459e-06
,,,,0.11,7.668e-06,0.74,-1.45e-06
,,,,0.108,7.661e-06,0.742,-1.463e-06
,,,,0.106,7.622e-06,0.744,-1.457e-06
,,,,0.104,7.621e-06,0.746,-1.466e-06
,,,,0.102,7.586e-06,0.748,-1.463e-06
,,,,0.1,7.589e-06,0.75,-1.473e-06
,,,,0.098,7.562e-06,0.752,-1.469e-06
,,,,0.096,7.56e-06,0.754,-1.479e-06
,,,,0.094,7.521e-06,0.756,-1.477e-06
,,,,0.092,7.516e-06,0.758,-1.489e-06
,,,,0.09,7.478e-06,0.76,-1.485e-06
,,,,0.088,7.48e-06,0.762,-1.5e-06
,,,,0.086,7.453e-06,0.764,-1.491e-06
,,,,0.084,7.459e-06,0.766,-1.507e-06
,,,,0.082,7.424e-06,0.768,-1.501e-06
,,,,0.08,7.42e-06,0.77,-1.511e-06
,,,,0.078,7.386e-06,0.772,-1.508e-06
,,,,0.076,7.388e-06,0.774,-1.513e-06
,,,,0.074,7.357e-06,0.776,-1.511e-06
,,,,0.072,7.36e-06,0.778,-1.515e-06
,,,,0.07,7.325e-06,0.78,-1.515e-06
,,,,0.068,7.32e-06,0.782,-1.52e-06
,,,,0.066,7.286e-06,0.784,-1.521e-06
,,,,0.064,7.294e-06,0.786,-1.527e-06
,,,,0.062,7.272e-06,0.788,-1.528e-06
,,,,0.06,7.269e-06,0.79,-1.538e-06
,,,,0.058,7.235e-06,0.792,-1.535e-06
,,,,0.056,7.246e-06,0.794,-1.547e-06
,,,,0.054,7.217e-06,0.796,-1.541e-06
,,,,0.052,7.218e-06,0.798,-1.557e-06
,,,,0.05,7.18e-06,0.8,-1.548e-06
,,,,0.048,7.178e-06,0.802,-1.561e-06
,,,,0.046,7.153e-06,0.804,-1.555e-06
,,,,0.044,7.166e-06,0.806,-1.562e-06
,,,,0.042,7.132e-06,0.808,-1.561e-06
,,,,0.04,7.133e-06,0.81,-1.566e-06
,,,,0.038,7.112e-06,0.812,-1.567e-06
,,,,0.036,7.12e-06,0.814,-1.573e-06
,,,,0.034,7.087e-06,0.816,-1.574e-06
,,,,0.032,7.095e-06,0.818,-1.585e-06
,,,,0.03,7.078e-06,0.82,-1.58e-06
,,,,0.028,7.076e-06,0.822,-1.594e-06
,,,,0.026,7.048e-06,0.824,-1.589e-06
,,,,0.024,7.066e-06,0.826,-1.605e-06
,,,,0.022,7.034e-06,0.828,-1.598e-06
,,,,0.02,7.034e-06,0.83,-1.609e-06
,,,,0.018,7.014e-06,0.832,-1.604e-06
,,,,0.016,7.021e-06,0.834,-1.61e-06
,,,,0.014,6.989e-06,0.836,-1.61e-06
,,,,0.012,7e-06,0.838,-1.613e-06
,,,,0.01,6.983e-06,0.84,-1.615e-06
,,,,0.008,6.988e-06,0.842,-1.62e-06
,,,,0.006,6.973e-06,0.844,-1.621e-06
,,,,0.004,6.979e-06,0.846,-1.631e-06
,,,,0.002,6.959e-06,0.848,-1.629e-06
,,,,0.0,6.97e-06,0.85,-1.645e-06
,,,,-0.002,6.942e-06,0.852,-1.638e-06
,,,,-0.004,6.96e-06,0.854,-1.657e-06
,,,,-0.006,6.937e-06,0.856,-1.652e-06
,,,,-0.008,6.95e-06,0.858,-1.665e-06
,,,,-0.01,6.932e-06,0.86,-1.664e-06
,,,,-0.012,6.946e-06,0.862,-1.678e-06
,,,,-0.014,6.929e-06,0.864,-1.675e-06
,,,,-0.016,6.94e-06,0.866,-1.691e-06
,,,,-0.018,6.924e-06,0.868,-1.686e-06
,,,,-0.02,6.938e-06,0.87,-1.702e-06
,,,,-0.022,6.921e-06,0.872,-1.697e-06
,,,,-0.024,6.938e-06,0.874,-1.707e-06
,,,,-0.026,6.922e-06,0.876,-1.704e-06
,,,,-0.028,6.944e-06,0.878,-1.708e-06
,,,,-0.03,6.927e-06,0.88,-1.709e-06
,,,,-0.032,6.95e-06,0.882,-1.711e-06
,,,,-0.034,6.933e-06,0.884,-1.714e-06
,,,,-0.036,6.958e-06,0.886,-1.719e-06
,,,,-0.038,6.942e-06,0.888,-1.72e-06
,,,,-0.04,6.966e-06,0.89,-1.732e-06
,,,,-0.042,6.963e-06,0.892,-1.727e-06
,,,,-0.044,6.986e-06,0.894,-1.747e-06
,,,,-0.046,6.975e-06,0.896,-1.735e-06
,,,,-0.048,7.006e-06,0.898,-1.754e-06
,,,,-0.05,6.993e-06,0.9,-1.746e-06
,,,,-0.052,7.017e-06,0.902,-1.757e-06
,,,,-0.054,7.017e-06,0.904,-1.755e-06
,,,,-0.056,7.049e-06,0.906,-1.761e-06
,,,,-0.058,7.042e-06,0.908,-1.764e-06
,,,,-0.06,7.074e-06,0.91,-1.771e-06
,,,,-0.062,7.074e-06,0.912,-1.771e-06
,,,,-0.064,7.112e-06,0.914,-1.787e-06
,,,,-0.066,7.116e-06,0.916,-1.778e-06
,,,,-0.068,7.154e-06,0.918,-1.798e-06
,,,,-0.07,7.161e-06,0.92,-1.79e-06
,,,,-0.072,7.198e-06,0.922,-1.805e-06
,,,,-0.074,7.205e-06,0.924,-1.798e-06
,,,,-0.076,7.232e-06,0.926,-1.806e-06
,,,,-0.078,7.233e-06,0.928,-1.805e-06
,,,,-0.08,7.276e-06,0.93,-1.808e-06
,,,,-0.082,7.292e-06,0.932,-1.812e-06
,,,,-0.084,7.333e-06,0.934,-1.816e-06
,,,,-0.086,7.349e-06,0.936,-1.817e-06
,,,,-0.088,7.395e-06,0.938,-1.829e-06
,,,,-0.09,7.399e-06,0.94,-1.823e-06
,,,,-0.092,7.432e-06,0.942,-1.842e-06
,,,,-0.094,7.441e-06,0.944,-1.831e-06
,,,,-0.096,7.475e-06,0.946,-1.851e-06
,,,,-0.098,7.488e-06,0.948,-1.837e-06
,,,,-0.1,7.523e-06,0.95,-1.854e-06
,,,,-0.102,7.536e-06,0.952,-1.849e-06
,,,,-0.104,7.562e-06,0.954,-1.856e-06
,,,,-0.106,7.562e-06,0.956,-1.858e-06
,,,,-0.108,7.591e-06,0.958,-1.861e-06
,,,,-0.11,7.584e-06,0.96,-1.863e-06
,,,,-0.112,7.602e-06,0.962,-1.872e-06
,,,,-0.114,7.59e-06,0.964,-1.868e-06
,,,,-0.116,7.604e-06,0.966,-1.883e-06
,,,,-0.118,7.587e-06,0.968,-1.876e-06
,,,,-0.12,7.602e-06,0.97,-1.894e-06
,,,,-0.122,7.563e-06,0.972,-1.885e-06
,,,,-0.124,7.574e-06,0.974,-1.901e-06
,,,,-0.126,7.545e-06,0.976,-1.894e-06
,,,,-0.128,7.548e-06,0.978,-1.903e-06
,,,,-0.13,7.517e-06,0.98,-1.899e-06
,,,,-0.132,7.523e-06,0.982,-1.904e-06
,,,,-0.134,7.484e-06,0.984,-1.904e-06
,,,,-0.136,7.487e-06,0.986,-1.905e-06
,,,,-0.138,7.454e-06,0.988,-1.908e-06
,,,,-0.14,7.463e-06,0.99,-1.911e-06
,,,,-0.142,7.429e-06,0.992,-1.912e-06
,,,,-0.144,7.424e-06,0.994,-1.92e-06
,,,,-0.146,7.397e-06,0.996,-1.918e-06
,,,,-0.148,7.41e-06,0.998,-1.931e-06
,,,,-0.15,7.377e-06,1.0,-1.923e-06
,,,,-0.152,7.384e-06,1.002,-1.943e-06
,,,,-0.154,7.37e-06,1.004,-1.931e-06
,,,,-0.156,7.38e-06,1.006,-1.948e-06
,,,,-0.158,7.354e-06,1.008,-1.938e-06
,,,,-0.16,7.368e-06,1.01,-1.952e-06
,,,,-0.162,7.365e-06,1.012,-1.946e-06
,,,,-0.164,7.383e-06,1.014,-1.953e-06
,,,,-0.166,7.362e-06,1.016,-1.952e-06
,,,,-0.168,7.39e-06,1.018,-1.955e-06
,,,,-0.17,7.374e-06,1.02,-1.958e-06
,,,,-0.172,7.4e-06,1.022,-1.96e-06
,,,,-0.174,7.39e-06,1.024,-1.957e-06
,,,,-0.176,7.408e-06,1.026,-1.965e-06
,,,,-0.178,7.407e-06,1.028,-1.964e-06
,,,,-0.18,7.431e-06,1.03,-1.977e-06
,,,,-0.182,7.428e-06,1.032,-1.971e-06
,,,,-0.184,7.463e-06,1.034,-1.987e-06
,,,,-0.186,7.456e-06,1.036,-1.977e-06
,,,,-0.188,7.495e-06,1.038,-1.996e-06
,,,,-0.19,7.498e-06,1.04,-1.985e-06
,,,,-0.192,7.529e-06,1.042,-2e-06
,,,,-0.194,7.541e-06,1.044,-1.992e-06
,,,,-0.196,7.573e-06,1.046,-2.001e-06
,,,,-0.198,7.574e-06,1.048,-1.998e-06
,,,,-0.2,7.623e-06,1.05,-2.002e-06
,,,,-0.202,7.627e-06,1.052,-2.003e-06
,,,,-0.204,7.649e-06,1.054,-2.005e-06
,,,,-0.206,7.668e-06,1.056,-2.007e-06
,,,,-0.208,7.725e-06,1.058,-2.01e-06
,,,,-0.21,7.739e-06,1.06,-2.012e-06
,,,,-0.212,7.785e-06,1.062,-2.021e-06
,,,,-0.214,7.797e-06,1.064,-2.016e-06
,,,,-0.216,7.846e-06,1.066,-2.032e-06
,,,,-0.218,7.846e-06,1.068,-2.021e-06
,,,,-0.22,7.894e-06,1.07,-2.042e-06
,,,,-0.222,7.907e-06,1.072,-2.028e-06
,,,,-0.224,7.949e-06,1.074,-2.048e-06
,,,,-0.226,7.964e-06,1.076,-2.039e-06
,,,,-0.228,8e-06,1.078,-2.05e-06
,,,,-0.23,8.003e-06,1.08,-2.045e-06
,,,,-0.232,8.061e-06,1.082,-2.051e-06
,,,,-0.234,8.053e-06,1.084,-2.052e-06
,,,,-0.236,8.11e-06,1.086,-2.054e-06
,,,,-0.238,8.097e-06,1.088,-2.056e-06
,,,,-0.24,8.133e-06,1.09,-2.062e-06
,,,,-0.242,8.144e-06,1.092,-2.064e-06
,,,,-0.244,8.16e-06,1.094,-2.075e-06
,,,,-0.246,8.166e-06,1.096,-2.072e-06
,,,,-0.248,8.212e-06,1.098,-2.09e-06
,,,,-0.25,7.247e-06,1.1,-1.966e-06
