1.09,-1.284e-06,-7.698e-06,-0.248,3.305e-06,0.0003136,-0.248,2.476e-05,0.001547,-0.248,5.377e-06,0.00041
1.08,-1.002e-06,-7.798e-06,-0.246,2.98e-06,0.0003136,-0.246,2.381e-05,0.001548,-0.246,5.062e-06,0.0004101
1.07,-8.071e-07,-7.878e-06,-0.244,2.835e-06,0.0003137,-0.244,2.508e-05,0.001548,-0.244,4.923e-06,0.0004102
1.06,-6.677e-07,-7.945e-06,-0.242,2.736e-06,0.0003137,-0.242,2.791e-05,0.001549,-0.242,4.811e-06,0.0004103
1.05,-5.577e-07,-8.001e-06,-0.24,2.674e-06,0.0003138,-0.24,3.003e-05,0.001549,-0.24,4.746e-06,0.0004104
1.04,-4.729e-07,-8.048e-06,-0.238,2.601e-06,0.0003139,-0.238,2.971e-05,0.00155,-0.238,4.668e-06,0.0004105
1.03,-4.063e-07,-8.089e-06,-0.236,2.563e-06,0.0003139,-0.236,2.716e-05,0.001551,-0.236,4.635e-06,0.0004106
1.02,-3.462e-07,-8.124e-06,-0.234,2.512e-06,0.000314,-0.234,2.604e-05,0.001551,-0.234,4.575e-06,0.0004107
1.01,-2.939e-07,-8.153e-06,-0.232,2.5e-06,0.000314,-0.232,2.652e-05,0.001552,-0.232,4.552e-06,0.0004108
1.0,-2.506e-07,-8.178e-06,-0.23,2.468e-06,0.0003141,-0.23,2.66e-05,0.001552,-0.23,4.516e-06,0.0004109
0.99,-2.149e-07,-8.2e-06,-0.228,2.45e-06,0.0003141,-0.228,2.829e-05,0.001553,-0.228,4.491e-06,0.0004109
0.98,-1.795e-07,-8.217e-06,-0.226,2.417e-06,0.0003142,-0.226,2.947e-05,0.001553,-0.226,4.461e-06,0.000411
0.97,-1.451e-07,-8.232e-06,-0.224,2.423e-06,0.0003142,-0.224,2.621e-05,0.001554,-0.224,4.469e-06,0.0004111
0.96,-1.219e-07,-8.244e-06,-0.222,2.383e-06,0.0003142,-0.222,2.498e-05,0.001554,-0.222,4.436e-06,0.0004112
0.95,-9.288e-08,-8.253e-06,-0.22,2.406e-06,0.0003143,-0.22,2.647e-05,0.001555,-0.22,4.439e-06,0.0004113
0.94,-6.587e-08,-8.26e-06,-0.218,2.377e-06,0.0003143,-0.218,2.908e-05,0.001556,-0.218,4.406e-06,0.0004114
0.93,-4.564e-08,-8.265e-06,-0.216,2.381e-06,0.0003144,-0.216,3.043e-05,0.001556,-0.216,4.421e-06,0.0004115
0.92,-2.693e-08,-8.267e-06,-0.214,2.365e-06,0.0003144,-0.214,2.8e-05,0.001557,-0.214,4.403e-06,0.0004116
0.91,-9.089e-10,-8.267e-06,-0.212,2.376e-06,0.0003145,-0.212,2.652e-05,0.001557,-0.212,4.401e-06,0.0004117
0.9,8.389e-09,-8.267e-06,-0.21,2.357e-06,0.0003145,-0.21,2.703e-05,0.001558,-0.21,4.39e-06,0.0004117
0.89,3.523e-08,-8.263e-06,-0.208,2.37e-06,0.0003146,-0.208,2.889e-05,0.001558,-0.208,4.4e-06,0.0004118
0.88,5.002e-08,-8.258e-06,-0.206,2.349e-06,0.0003146,-0.206,2.875e-05,0.001559,-0.206,4.372e-06,0.0004119
0.87,6.981e-08,-8.251e-06,-0.204,2.406e-06,0.0003147,-0.204,2.763e-05,0.001559,-0.204,4.427e-06,0.000412
0.86,8.591e-08,-8.242e-06,-0.202,2.354e-06,0.0003147,-0.202,2.491e-05,0.00156,-0.202,4.387e-06,0.0004121
0.85,1.076e-07,-8.232e-06,-0.2,2.371e-06,0.0003148,-0.2,2.449e-05,0.00156,-0.2,4.398e-06,0.0004122
0.84,1.201e-07,-8.22e-06,-0.198,2.361e-06,0.0003148,-0.198,2.732e-05,0.001561,-0.198,4.384e-06,0.0004123
0.83,1.364e-07,-8.206e-06,-0.196,2.374e-06,0.0003149,-0.196,3.066e-05,0.001562,-0.196,4.395e-06,0.0004124
0.82,1.524e-07,-8.191e-06,-0.194,2.371e-06,0.0003149,-0.194,2.989e-05,0.001562,-0.194,4.389e-06,0.0004124
0.81,1.726e-07,-8.174e-06,-0.192,2.385e-06,0.000315,-0.192,2.693e-05,0.001563,-0.192,4.41e-06,0.0004125
0.8,1.875e-07,-8.155e-06,-0.19,2.38e-06,0.000315,-0.19,2.462e-05,0.001563,-0.19,4.395e-06,0.0004126
0.79,2.126e-07,-8.134e-06,-0.188,2.397e-06,0.0003151,-0.188,2.406e-05,0.001564,-0.188,4.414e-06,0.0004127
0.78,2.242e-07,-8.111e-06,-0.186,2.389e-06,0.0003151,-0.186,2.513e-05,0.001564,-0.186,4.404e-06,0.0004128
0.77,2.487e-07,-8.086e-06,-0.184,2.408e-06,0.0003152,-0.184,2.486e-05,0.001565,-0.184,4.414e-06,0.0004129
0.76,2.655e-07,-8.06e-06,-0.182,2.411e-06,0.0003152,-0.182,2.538e-05,0.001565,-0.182,4.39e-06,0.000413
0.75,2.871e-07,-8.031e-06,-0.18,2.419e-06,0.0003152,-0.18,2.467e-05,0.001566,-0.18,4.408e-06,0.0004131
0.74,3.057e-07,-8e-06,-0.178,2.414e-06,0.0003153,-0.178,2.282e-05,0.001566,-0.178,4.384e-06,0.0004132
0.73,3.261e-07,-7.968e-06,-0.176,2.428e-06,0.0003153,-0.176,2.371e-05,0.001567,-0.176,4.405e-06,0.0004132
0.72,3.508e-07,-7.933e-06,-0.174,2.413e-06,0.0003154,-0.174,2.725e-05,0.001567,-0.174,4.388e-06,0.0004133
0.71,3.769e-07,-7.895e-06,-0.172,2.436e-06,0.0003154,-0.172,2.913e-05,0.001568,-0.172,4.405e-06,0.0004134
0.7,4.045e-07,-7.855e-06,-0.17,2.423e-06,0.0003155,-0.17,2.783e-05,0.001568,-0.17,4.399e-06,0.0004135
0.69,4.358e-07,-7.811e-06,-0.168,2.429e-06,0.0003155,-0.168,2.503e-05,0.001569,-0.168,4.402e-06,0.0004136
0.68,4.662e-07,-7.764e-06,-0.166,2.419e-06,0.0003156,-0.166,2.349e-05,0.001569,-0.166,4.395e-06,0.0004137
0.67,5.039e-07,-7.714e-06,-0.164,2.425e-06,0.0003156,-0.164,2.334e-05,0.00157,-0.164,4.401e-06,0.0004138
0.66,5.305e-07,-7.661e-06,-0.162,2.413e-06,0.0003157,-0.162,2.398e-05,0.00157,-0.162,4.381e-06,0.0004139
0.65,5.741e-07,-7.604e-06,-0.16,2.423e-06,0.0003157,-0.16,2.479e-05,0.001571,-0.16,4.391e-06,0.0004139
0.64,6.177e-07,-7.542e-06,-0.158,2.405e-06,0.0003158,-0.158,2.526e-05,0.001571,-0.158,4.359e-06,0.000414
0.63,6.63e-07,-7.475e-06,-0.156,2.418e-06,0.0003158,-0.156,2.353e-05,0.001572,-0.156,4.381e-06,0.0004141
0.62,7.138e-07,-7.404e-06,-0.154,2.387e-06,0.0003159,-0.154,2.389e-05,0.001572,-0.154,4.34e-06,0.0004142
0.61,7.667e-07,-7.327e-06,-0.152,2.411e-06,0.0003159,-0.152,2.705e-05,0.001573,-0.152,4.357e-06,0.0004143
0.6,8.252e-07,-7.245e-06,-0.15,2.384e-06,0.000316,-0.15,3.185e-05,0.001573,-0.15,4.336e-06,0.0004144
0.59,8.963e-07,-7.155e-06,-0.148,2.392e-06,0.000316,-0.148,3.345e-05,0.001574,-0.148,4.347e-06,0.0004145
0.58,9.675e-07,-7.059e-06,-0.146,2.375e-06,0.0003161,-0.146,3.014e-05,0.001575,-0.146,4.327e-06,0.0004146
0.57,1.056e-06,-6.953e-06,-0.144,2.376e-06,0.0003161,-0.144,2.756e-05,0.001575,-0.144,4.335e-06,0.0004146
0.56,1.142e-06,-6.839e-06,-0.142,2.356e-06,0.0003162,-0.142,2.651e-05,0.001576,-0.142,4.315e-06,0.0004147
0.55,1.251e-06,-6.714e-06,-0.14,2.364e-06,0.0003162,-0.14,2.686e-05,0.001576,-0.14,4.323e-06,0.0004148
0.54,1.361e-06,-6.578e-06,-0.138,2.337e-06,0.0003163,-0.138,2.579e-05,0.001577,-0.138,4.299e-06,0.0004149
0.53,1.51e-06,-6.427e-06,-0.136,2.353e-06,0.0003163,-0.136,2.665e-05,0.001577,-0.136,4.298e-06,0.000415
0.52,1.653e-06,-6.261e-06,-0.134,2.326e-06,0.0003163,-0.134,2.465e-05,0.001578,-0.134,4.27e-06,0.0004151
0.51,1.815e-06,-6.08e-06,-0.132,2.321e-06,0.0003164,-0.132,2.302e-05,0.001578,-0.132,4.276e-06,0.0004152
0.5,1.981e-06,-5.882e-06,-0.13,2.29e-06,0.0003164,-0.13,2.461e-05,0.001579,-0.13,4.235e-06,0.0004152
0.49,2.163e-06,-5.665e-06,-0.128,2.316e-06,0.0003165,-0.128,2.747e-05,0.001579,-0.128,4.249e-06,0.0004153
0.48,2.342e-06,-5.431e-06,-0.126,2.272e-06,0.0003165,-0.126,2.884e-05,0.00158,-0.126,4.213e-06,0.0004154
0.47,2.538e-06,-5.177e-06,-0.124,2.277e-06,0.0003166,-0.124,2.852e-05,0.00158,-0.124,4.218e-06,0.0004155
0.46,2.713e-06,-4.906e-06,-0.122,2.248e-06,0.0003166,-0.122,2.591e-05,0.001581,-0.122,4.189e-06,0.0004156
0.45,2.869e-06,-4.619e-06,-0.12,2.25e-06,0.0003167,-0.12,2.455e-05,0.001581,-0.12,4.187e-06,0.0004157
0.44,2.985e-06,-4.321e-06,-0.118,2.217e-06,0.0003167,-0.118,2.429e-05,0.001582,-0.118,4.162e-06,0.0004157
0.43,3.052e-06,-4.015e-06,-0.116,2.223e-06,0.0003168,-0.116,2.408e-05,0.001582,-0.116,4.17e-06,0.0004158
0.42,3.058e-06,-3.71e-06,-0.114,2.187e-06,0.0003168,-0.114,2.594e-05,0.001583,-0.114,4.128e-06,0.0004159
0.41,3.015e-06,-3.408e-06,-0.112,2.192e-06,0.0003168,-0.112,2.615e-05,0.001583,-0.112,4.134e-06,0.000416
0.4,2.897e-06,-3.118e-06,-0.11,2.146e-06,0.0003169,-0.11,2.329e-05,0.001584,-0.11,4.088e-06,0.0004161
0.39,2.751e-06,-2.843e-06,-0.108,2.155e-06,0.0003169,-0.108,2.316e-05,0.001584,-0.108,4.091e-06,0.0004162
0.38,2.571e-06,-2.586e-06,-0.106,2.128e-06,0.000317,-0.106,2.622e-05,0.001585,-0.106,4.056e-06,0.0004162
0.37,2.377e-06,-2.349e-06,-0.104,2.118e-06,0.000317,-0.104,3.038e-05,0.001586,-0.104,4.045e-06,0.0004163
0.36,2.183e-06,-2.13e-06,-0.102,2.068e-06,0.0003171,-0.102,3.028e-05,0.001586,-0.102,4.007e-06,0.0004164
0.35,2.004e-06,-1.93e-06,-0.1,2.08e-06,0.0003171,-0.1,2.732e-05,0.001587,-0.1,4.015e-06,0.0004165
0.34,1.829e-06,-1.747e-06,-0.098,2.054e-06,0.0003171,-0.098,2.677e-05,0.001587,-0.098,3.986e-06,0.0004166
0.33,1.68e-06,-1.579e-06,-0.096,2.061e-06,0.0003172,-0.096,2.851e-05,0.001588,-0.096,3.99e-06,0.0004166
0.32,1.539e-06,-1.425e-06,-0.094,2.024e-06,0.0003172,-0.094,2.986e-05,0.001588,-0.094,3.964e-06,0.0004167
0.31,1.411e-06,-1.284e-06,-0.092,2.024e-06,0.0003173,-0.092,2.813e-05,0.001589,-0.092,3.969e-06,0.0004168
0.3,1.3e-06,-1.154e-06,-0.09,2.002e-06,0.0003173,-0.09,2.618e-05,0.001589,-0.09,3.947e-06,0.0004169
0.29,1.216e-06,-1.032e-06,-0.088,1.997e-06,0.0003173,-0.088,2.396e-05,0.00159,-0.088,3.946e-06,0.000417
0.28,1.132e-06,-9.191e-07,-0.086,1.977e-06,0.0003174,-0.086,2.399e-05,0.00159,-0.086,3.924e-06,0.000417
0.27,1.071e-06,-8.12e-07,-0.084,1.99e-06,0.0003174,-0.084,2.585e-05,0.001591,-0.084,3.926e-06,0.0004171
0.26,1.006e-06,-7.114e-07,-0.082,1.98e-06,0.0003175,-0.082,2.788e-05,0.001592,-0.082,3.906e-06,0.0004172
0.25,9.562e-07,-6.157e-07,-0.08,1.99e-06,0.0003175,-0.08,2.848e-05,0.001592,-0.08,3.918e-06,0.0004173
0.24,9.045e-07,-5.253e-07,-0.078,1.97e-06,0.0003175,-0.078,2.641e-05,0.001593,-0.078,3.907e-06,0.0004173
0.23,8.69e-07,-4.384e-07,-0.076,2.001e-06,0.0003176,-0.076,2.508e-05,0.001593,-0.076,3.937e-06,0.0004174
0.22,8.301e-07,-3.554e-07,-0.074,1.994e-06,0.0003176,-0.074,2.57e-05,0.001594,-0.074,3.924e-06,0.0004175
0.21,7.974e-07,-2.756e-07,-0.072,2.026e-06,0.0003177,-0.072,2.647e-05,0.001594,-0.072,3.958e-06,0.0004176
0.2,7.598e-07,-1.997e-07,-0.07,2.035e-06,0.0003177,-0.07,2.513e-05,0.001595,-0.07,3.963e-06,0.0004177
0.19,7.366e-07,-1.26e-07,-0.068,2.065e-06,0.0003177,-0.068,2.668e-05,0.001595,-0.068,4e-06,0.0004177
0.18,7.077e-07,-5.523e-08,-0.066,2.071e-06,0.0003178,-0.066,2.511e-05,0.001596,-0.066,4.001e-06,0.0004178
0.17,6.941e-07,1.418e-08,-0.064,2.119e-06,0.0003178,-0.064,2.36e-05,0.001596,-0.064,4.046e-06,0.0004179
0.16,6.697e-07,8.115e-08,-0.062,2.123e-06,0.0003179,-0.062,2.611e-05,0.001597,-0.062,4.051e-06,0.000418
0.15,6.599e-07,1.471e-07,-0.06,2.174e-06,0.0003179,-0.06,3.013e-05,0.001597,-0.06,4.09e-06,0.0004181
0.14,6.406e-07,2.112e-07,-0.058,2.203e-06,0.000318,-0.058,3.141e-05,0.001598,-0.058,4.107e-06,0.0004181
0.13,6.254e-07,2.737e-07,-0.056,2.248e-06,0.000318,-0.056,3.03e-05,0.001599,-0.056,4.152e-06,0.0004182
0.12,6.096e-07,3.347e-07,-0.054,2.27e-06,0.000318,-0.054,2.685e-05,0.001599,-0.054,4.172e-06,0.0004183
0.11,6.083e-07,3.955e-07,-0.052,2.319e-06,0.0003181,-0.052,2.552e-05,0.0016,-0.052,4.218e-06,0.0004184
0.1,5.96e-07,4.551e-07,-0.05,2.338e-06,0.0003181,-0.05,2.562e-05,0.0016,-0.05,4.235e-06,0.0004185
0.09,5.877e-07,5.139e-07,-0.048,2.397e-06,0.0003182,-0.048,2.718e-05,0.001601,-0.048,4.285e-06,0.0004186
0.08,5.771e-07,5.716e-07,-0.046,2.407e-06,0.0003182,-0.046,2.988e-05,0.001601,-0.046,4.3e-06,0.0004187
0.07,5.746e-07,6.291e-07,-0.044,2.462e-06,0.0003183,-0.044,2.797e-05,0.001602,-0.044,4.349e-06,0.0004187
0.06,5.675e-07,6.858e-07,-0.042,2.475e-06,0.0003183,-0.042,2.621e-05,0.001602,-0.042,4.362e-06,0.0004188
0.05,5.725e-07,7.431e-07,-0.04,2.519e-06,0.0003184,-0.04,2.651e-05,0.001603,-0.04,4.403e-06,0.0004189
0.04,5.718e-07,8.002e-07,-0.038,2.53e-06,0.0003184,-0.038,2.846e-05,0.001603,-0.038,4.409e-06,0.000419
0.03,5.865e-07,8.589e-07,-0.036,2.575e-06,0.0003185,-0.036,3.105e-05,0.001604,-0.036,4.448e-06,0.0004191
0.02,5.968e-07,9.186e-07,-0.034,2.587e-06,0.0003185,-0.034,3.164e-05,0.001605,-0.034,4.45e-06,0.0004192
0.01,6.158e-07,9.801e-07,-0.032,2.629e-06,0.0003186,-0.032,3.002e-05,0.001605,-0.032,4.486e-06,0.0004193
0.0,6.399e-07,1.044e-06,-0.03,2.634e-06,0.0003186,-0.03,2.9e-05,0.001606,-0.03,4.494e-06,0.0004194
-0.01,6.859e-07,1.113e-06,-0.028,2.675e-06,0.0003187,-0.028,2.841e-05,0.001606,-0.028,4.535e-06,0.0004195
-0.02,7.22e-07,1.185e-06,-0.026,2.675e-06,0.0003188,-0.026,2.849e-05,0.001607,-0.026,4.541e-06,0.0004195
-0.03,7.942e-07,1.264e-06,-0.024,2.71e-06,0.0003188,-0.024,2.89e-05,0.001608,-0.024,4.577e-06,0.0004196
-0.04,8.747e-07,1.352e-06,-0.022,2.715e-06,0.0003189,-0.022,2.824e-05,0.001608,-0.022,4.579e-06,0.0004197
-0.05,9.845e-07,1.45e-06,-0.02,2.746e-06,0.0003189,-0.02,2.698e-05,0.001609,-0.02,4.627e-06,0.0004198
-0.06,1.11e-06,1.561e-06,-0.018,2.749e-06,0.000319,-0.018,2.833e-05,0.001609,-0.018,4.623e-06,0.0004199
-0.07,1.254e-06,1.687e-06,-0.016,2.781e-06,0.000319,-0.016,3.16e-05,0.00161,-0.016,4.658e-06,0.00042
-0.08,1.409e-06,1.828e-06,-0.014,2.778e-06,0.0003191,-0.014,3.57e-05,0.001611,-0.014,4.658e-06,0.0004201
-0.09,1.566e-06,1.984e-06,-0.012,2.806e-06,0.0003191,-0.012,3.501e-05,0.001611,-0.012,4.682e-06,0.0004202
-0.1,1.68e-06,2.152e-06,-0.01,2.804e-06,0.0003192,-0.01,3.072e-05,0.001612,-0.01,4.672e-06,0.0004203
-0.11,1.736e-06,2.326e-06,-0.008,2.834e-06,0.0003192,-0.008,2.87e-05,0.001612,-0.008,4.695e-06,0.0004204
-0.12,1.731e-06,2.499e-06,-0.006,2.832e-06,0.0003193,-0.006,2.915e-05,0.001613,-0.006,4.693e-06,0.0004205
-0.13,1.694e-06,2.668e-06,-0.004,2.852e-06,0.0003194,-0.004,3.019e-05,0.001614,-0.004,4.709e-06,0.0004206
-0.14,1.655e-06,2.834e-06,-0.002,2.846e-06,0.0003194,-0.002,2.848e-05,0.001614,-0.002,4.706e-06,0.0004207
-0.15,1.657e-06,3e-06,-0.0,2.881e-06,0.0003195,-0.0,2.871e-05,0.001615,-0.0,4.739e-06,0.0004208
-0.16,1.681e-06,3.168e-06,0.002,2.868e-06,0.0003195,0.002,2.631e-05,0.001615,0.002,4.729e-06,0.0004209
-0.17,1.752e-06,3.343e-06,0.004,2.889e-06,0.0003196,0.004,2.453e-05,0.001616,0.004,4.753e-06,0.0004209
-0.18,1.84e-06,3.527e-06,0.006,2.891e-06,0.0003197,0.006,2.539e-05,0.001616,0.006,4.751e-06,0.000421
-0.19,1.972e-06,3.724e-06,0.008,2.908e-06,0.0003197,0.008,2.884e-05,0.001617,0.008,4.774e-06,0.0004211
-0.2,2.105e-06,3.935e-06,0.01,2.899e-06,0.0003198,0.01,3.122e-05,0.001618,0.01,4.761e-06,0.0004212
-0.21,2.263e-06,4.161e-06,0.012,2.931e-06,0.0003198,0.012,3.011e-05,0.001618,0.012,4.786e-06,0.0004213
-0.22,2.38e-06,4.399e-06,0.014,2.919e-06,0.0003199,0.014,2.767e-05,0.001619,0.014,4.77e-06,0.0004214
-0.23,2.479e-06,4.647e-06,0.016,2.939e-06,0.0003199,0.016,2.647e-05,0.001619,0.016,4.789e-06,0.0004215
-0.24,2.548e-06,4.902e-06,0.018,2.937e-06,0.00032,0.018,2.597e-05,0.00162,0.018,4.778e-06,0.0004216
-0.25,2.594e-06,5.161e-06,0.02,2.954e-06,0.0003201,0.02,2.503e-05,0.00162,0.02,4.795e-06,0.0004217
-0.26,2.604e-06,5.421e-06,0.022,2.944e-06,0.0003201,0.022,2.507e-05,0.001621,0.022,4.792e-06,0.0004218
-0.27,2.611e-06,5.683e-06,0.024,2.972e-06,0.0003202,0.024,2.512e-05,0.001621,0.024,4.803e-06,0.0004219
-0.28,2.622e-06,5.945e-06,0.026,2.955e-06,0.0003202,0.026,2.3e-05,0.001622,0.026,4.797e-06,0.000422
-0.29,2.698e-06,6.215e-06,0.028,2.981e-06,0.0003203,0.028,2.371e-05,0.001622,0.028,4.816e-06,0.0004221
-0.3,5.508e-07,6.27e-06,0.03,2.971e-06,0.0003204,0.03,2.785e-05,0.001623,0.03,4.798e-06,0.0004222
,,,0.032,2.986e-06,0.0003204,0.032,3.177e-05,0.001623,0.032,4.824e-06,0.0004223
,,,0.034,2.983e-06,0.0003205,0.034,3.193e-05,0.001624,0.034,4.802e-06,0.0004224
,,,0.036,2.995e-06,0.0003205,0.036,3.011e-05,0.001625,0.036,4.827e-06,0.0004225
,,,0.038,2.989e-06,0.0003206,0.038,2.99e-05,0.001625,0.038,4.803e-06,0.0004226
,,,0.04,3.005e-06,0.0003207,0.04,3.105e-05,0.001626,0.04,4.831e-06,0.0004227
,,,0.042,2.991e-06,0.0003207,0.042,3.198e-05,0.001626,0.042,4.813e-06,0.0004228
,,,0.044,3.015e-06,0.0003208,0.044,3.036e-05,0.001627,0.044,4.837e-06,0.0004229
,,,0.046,2.993e-06,0.0003208,0.046,2.871e-05,0.001628,0.046,4.825e-06,0.000423
,,,0.048,3.02e-06,0.0003209,0.048,2.608e-05,0.001628,0.048,4.84e-06,0.0004231
,,,0.05,2.995e-06,0.000321,0.05,2.551e-05,0.001629,0.05,4.827e-06,0.0004232
,,,0.052,3.023e-06,0.000321,0.052,2.728e-05,0.001629,0.052,4.836e-06,0.0004233
,,,0.054,3e-06,0.0003211,0.054,3.116e-05,0.00163,0.054,4.814e-06,0.0004233
,,,0.056,3.025e-06,0.0003211,0.056,3.381e-05,0.001631,0.056,4.832e-06,0.0004234
,,,0.058,3.002e-06,0.0003212,0.058,3.103e-05,0.001631,0.058,4.804e-06,0.0004235
,,,0.06,3.025e-06,0.0003213,0.06,2.828e-05,0.001632,0.06,4.83e-06,0.0004236
,,,0.062,3.002e-06,0.0003213,0.062,2.793e-05,0.001632,0.062,4.806e-06,0.0004237
,,,0.064,3.026e-06,0.0003214,0.064,2.896e-05,0.001633,0.064,4.832e-06,0.0004238
,,,0.066,3.005e-06,0.0003214,0.066,2.874e-05,0.001633,0.066,4.809e-06,0.0004239
,,,0.068,3.026e-06,0.0003215,0.068,2.878e-05,0.001634,0.068,4.833e-06,0.000424
,,,0.07,3.004e-06,0.0003216,0.07,2.654e-05,0.001635,0.07,4.809e-06,0.0004241
,,,0.072,3.026e-06,0.0003216,0.072,2.482e-05,0.001635,0.072,4.832e-06,0.0004242
,,,0.074,3.003e-06,0.0003217,0.074,2.514e-05,0.001636,0.074,4.802e-06,0.0004243
,,,0.076,3.026e-06,0.0003217,0.076,2.716e-05,0.001636,0.076,4.825e-06,0.0004244
,,,0.078,3.001e-06,0.0003218,0.078,2.941e-05,0.001637,0.078,4.796e-06,0.0004245
,,,0.08,3.024e-06,0.0003219,0.08,2.957e-05,0.001637,0.08,4.814e-06,0.0004246
,,,0.082,3e-06,0.0003219,0.082,2.714e-05,0.001638,0.082,4.795e-06,0.0004247
,,,0.084,3.021e-06,0.000322,0.084,2.605e-05,0.001638,0.084,4.809e-06,0.0004248
,,,0.086,2.997e-06,0.000322,0.086,2.658e-05,0.001639,0.086,4.793e-06,0.0004249
,,,0.088,3.02e-06,0.0003221,0.088,2.75e-05,0.001639,0.088,4.805e-06,0.000425
,,,0.09,2.995e-06,0.0003222,0.09,2.902e-05,0.00164,0.09,4.793e-06,0.0004251
,,,0.092,3.018e-06,0.0003222,0.092,2.841e-05,0.001641,0.092,4.804e-06,0.0004252
,,,0.094,2.992e-06,0.0003223,0.094,2.54e-05,0.001641,0.094,4.793e-06,0.0004253
,,,0.096,3.015e-06,0.0003223,0.096,2.468e-05,0.001642,0.096,4.803e-06,0.0004254
,,,0.098,2.991e-06,0.0003224,0.098,2.729e-05,0.001642,0.098,4.791e-06,0.0004255
,,,0.1,3.011e-06,0.0003225,0.1,3.065e-05,0.001643,0.1,4.793e-06,0.0004256
,,,0.102,2.989e-06,0.0003225,0.102,3.121e-05,0.001643,0.102,4.779e-06,0.0004257
,,,0.104,3.005e-06,0.0003226,0.104,2.84e-05,0.001644,0.104,4.785e-06,0.0004258
,,,0.106,2.989e-06,0.0003226,0.106,2.643e-05,0.001644,0.106,4.763e-06,0.0004258
,,,0.108,3.002e-06,0.0003227,0.108,2.652e-05,0.001645,0.108,4.781e-06,0.0004259
,,,0.11,2.987e-06,0.0003228,0.11,2.714e-05,0.001645,0.11,4.753e-06,0.000426
,,,0.112,2.997e-06,0.0003228,0.112,2.685e-05,0.001646,0.112,4.777e-06,0.0004261
,,,0.114,2.985e-06,0.0003229,0.114,2.854e-05,0.001647,0.114,4.751e-06,0.0004262
,,,0.116,2.992e-06,0.0003229,0.116,2.607e-05,0.001647,0.116,4.774e-06,0.0004263
,,,0.118,2.981e-06,0.000323,0.118,2.394e-05,0.001648,0.118,4.749e-06,0.0004264
,,,0.12,2.987e-06,0.0003231,0.12,2.495e-05,0.001648,0.12,4.769e-06,0.0004265
,,,0.122,2.977e-06,0.0003231,0.122,2.751e-05,0.001649,0.122,4.747e-06,0.0004266
,,,0.124,2.983e-06,0.0003232,0.124,2.803e-05,0.001649,0.124,4.755e-06,0.0004267
,,,0.126,2.97e-06,0.0003232,0.126,2.667e-05,0.00165,0.126,4.741e-06,0.0004268
,,,0.128,2.981e-06,0.0003233,0.128,2.47e-05,0.00165,0.128,4.742e-06,0.0004269
,,,0.13,2.963e-06,0.0003234,0.13,2.342e-05,0.001651,0.13,4.729e-06,0.000427
,,,0.132,2.977e-06,0.0003234,0.132,2.314e-05,0.001651,0.132,4.737e-06,0.0004271
,,,0.134,2.956e-06,0.0003235,0.134,2.293e-05,0.001652,0.134,4.719e-06,0.0004272
,,,0.136,2.976e-06,0.0003235,0.136,2.307e-05,0.001652,0.136,4.734e-06,0.0004273
,,,0.138,2.95e-06,0.0003236,0.138,2.411e-05,0.001653,0.138,4.71e-06,0.0004274
,,,0.14,2.972e-06,0.0003237,0.14,2.222e-05,0.001653,0.14,4.73e-06,0.0004275
,,,0.142,2.945e-06,0.0003237,0.142,2.139e-05,0.001653,0.142,4.703e-06,0.0004276
,,,0.144,2.966e-06,0.0003238,0.144,2.263e-05,0.001654,0.144,4.722e-06,0.0004276
,,,0.146,2.943e-06,0.0003238,0.146,2.651e-05,0.001654,0.146,4.698e-06,0.0004277
,,,0.148,2.962e-06,0.0003239,0.148,2.966e-05,0.001655,0.148,4.709e-06,0.0004278
,,,0.15,2.941e-06,0.0003239,0.15,2.886e-05,0.001656,0.15,4.695e-06,0.0004279
,,,0.152,2.955e-06,0.000324,0.152,2.799e-05,0.001656,0.152,4.7e-06,0.000428
,,,0.154,2.938e-06,0.0003241,0.154,2.864e-05,0.001657,0.154,4.692e-06,0.0004281
,,,0.156,2.948e-06,0.0003241,0.156,3.065e-05,0.001657,0.156,4.697e-06,0.0004282
,,,0.158,2.936e-06,0.0003242,0.158,3.052e-05,0.001658,0.158,4.692e-06,0.0004283
,,,0.16,2.943e-06,0.0003242,0.16,2.843e-05,0.001659,0.16,4.694e-06,0.0004284
,,,0.162,2.932e-06,0.0003243,0.162,2.596e-05,0.001659,0.162,4.685e-06,0.0004285
,,,0.164,2.937e-06,0.0003244,0.164,2.428e-05,0.00166,0.164,4.687e-06,0.0004286
,,,0.166,2.926e-06,0.0003244,0.166,2.427e-05,0.00166,0.166,4.662e-06,0.0004287
,,,0.168,2.933e-06,0.0003245,0.168,2.627e-05,0.001661,0.168,4.678e-06,0.0004288
,,,0.17,2.918e-06,0.0003245,0.17,2.771e-05,0.001661,0.17,4.651e-06,0.0004289
,,,0.172,2.93e-06,0.0003246,0.172,2.677e-05,0.001662,0.172,4.665e-06,0.000429
,,,0.174,2.909e-06,0.0003247,0.174,2.429e-05,0.001662,0.174,4.648e-06,0.0004291
,,,0.176,2.927e-06,0.0003247,0.176,2.343e-05,0.001663,0.176,4.659e-06,0.0004291
,,,0.178,2.901e-06,0.0003248,0.178,2.434e-05,0.001663,0.178,4.646e-06,0.0004292
,,,0.18,2.922e-06,0.0003248,0.18,2.603e-05,0.001664,0.18,4.654e-06,0.0004293
,,,0.182,2.896e-06,0.0003249,0.182,2.648e-05,0.001664,0.182,4.643e-06,0.0004294
,,,0.184,2.916e-06,0.0003249,0.184,2.509e-05,0.001665,0.184,4.644e-06,0.0004295
,,,0.186,2.893e-06,0.000325,0.186,2.411e-05,0.001665,0.186,4.631e-06,0.0004296
,,,0.188,2.909e-06,0.0003251,0.188,2.548e-05,0.001666,0.188,4.637e-06,0.0004297
,,,0.19,2.89e-06,0.0003251,0.19,2.857e-05,0.001666,0.19,4.607e-06,0.0004298
,,,0.192,2.901e-06,0.0003252,0.192,3.186e-05,0.001667,0.192,4.628e-06,0.0004299
,,,0.194,2.888e-06,0.0003252,0.194,3.203e-05,0.001667,0.194,4.599e-06,0.00043
,,,0.196,2.893e-06,0.0003253,0.196,2.92e-05,0.001668,0.196,4.615e-06,0.0004301
,,,0.198,2.884e-06,0.0003254,0.198,2.722e-05,0.001669,0.198,4.59e-06,0.0004302
,,,0.2,2.886e-06,0.0003254,0.2,2.668e-05,0.001669,0.2,4.603e-06,0.0004303
,,,0.202,2.879e-06,0.0003255,0.202,2.715e-05,0.00167,0.202,4.579e-06,0.0004303
,,,0.204,2.884e-06,0.0003255,0.204,2.667e-05,0.00167,0.204,4.599e-06,0.0004304
,,,0.206,2.872e-06,0.0003256,0.206,2.555e-05,0.001671,0.206,4.573e-06,0.0004305
,,,0.208,2.881e-06,0.0003256,0.208,2.38e-05,0.001671,0.208,4.591e-06,0.0004306
,,,0.21,2.858e-06,0.0003257,0.21,2.275e-05,0.001672,0.21,4.557e-06,0.0004307
,,,0.212,2.876e-06,0.0003258,0.212,2.301e-05,0.001672,0.212,4.578e-06,0.0004308
,,,0.214,2.849e-06,0.0003258,0.214,2.476e-05,0.001673,0.214,4.549e-06,0.0004309
,,,0.216,2.871e-06,0.0003259,0.216,2.611e-05,0.001673,0.216,4.552e-06,0.000431
,,,0.218,2.844e-06,0.0003259,0.218,2.542e-05,0.001674,0.218,4.535e-06,0.0004311
,,,0.22,2.863e-06,0.000326,0.22,2.358e-05,0.001674,0.22,4.54e-06,0.0004312
,,,0.222,2.842e-06,0.000326,0.222,2.286e-05,0.001675,0.222,4.511e-06,0.0004313
,,,0.224,2.854e-06,0.0003261,0.224,2.334e-05,0.001675,0.224,4.533e-06,0.0004314
,,,0.226,2.838e-06,0.0003262,0.226,2.349e-05,0.001675,0.226,4.504e-06,0.0004314
,,,0.228,2.842e-06,0.0003262,0.228,2.285e-05,0.001676,0.228,4.523e-06,0.0004315
,,,0.23,2.832e-06,0.0003263,0.23,2.306e-05,0.001676,0.23,4.501e-06,0.0004316
,,,0.232,2.835e-06,0.0003263,0.232,2.145e-05,0.001677,0.232,4.507e-06,0.0004317
,,,0.234,2.823e-06,0.0003264,0.234,2.076e-05,0.001677,0.234,4.493e-06,0.0004318
,,,0.236,2.831e-06,0.0003264,0.236,2.183e-05,0.001678,0.236,4.493e-06,0.0004319
,,,0.238,2.809e-06,0.0003265,0.238,2.445e-05,0.001678,0.238,4.464e-06,0.000432
,,,0.24,2.826e-06,0.0003265,0.24,2.638e-05,0.001679,0.24,4.479e-06,0.0004321
,,,0.242,2.798e-06,0.0003266,0.242,2.541e-05,0.001679,0.242,4.453e-06,0.0004322
,,,0.244,2.817e-06,0.0003267,0.244,2.392e-05,0.00168,0.244,4.459e-06,0.0004322
,,,0.246,2.793e-06,0.0003267,0.246,2.392e-05,0.00168,0.246,4.447e-06,0.0004323
,,,0.248,2.803e-06,0.0003268,0.248,2.509e-05,0.001681,0.248,4.446e-06,0.0004324
,,,0.25,2.789e-06,0.0003268,0.25,2.705e-05,0.001681,0.25,4.431e-06,0.0004325
,,,0.252,2.791e-06,0.0003269,0.252,2.916e-05,0.001682,0.252,4.44e-06,0.0004326
,,,0.254,2.78e-06,0.0003269,0.254,2.785e-05,0.001682,0.254,4.409e-06,0.0004327
,,,0.256,2.783e-06,0.000327,0.256,2.545e-05,0.001683,0.256,4.425e-06,0.0004328
,,,0.258,2.762e-06,0.0003271,0.258,2.531e-05,0.001683,0.258,4.403e-06,0.0004329
,,,0.26,2.776e-06,0.0003271,0.26,2.687e-05,0.001684,0.26,4.405e-06,0.000433
,,,0.262,2.749e-06,0.0003272,0.262,2.813e-05,0.001684,0.262,4.391e-06,0.000433
,,,0.264,2.765e-06,0.0003272,0.264,2.776e-05,0.001685,0.264,4.393e-06,0.0004331
,,,0.266,2.743e-06,0.0003273,0.266,2.606e-05,0.001686,0.266,4.365e-06,0.0004332
,,,0.268,2.75e-06,0.0003273,0.268,2.452e-05,0.001686,0.268,4.38e-06,0.0004333
,,,0.27,2.735e-06,0.0003274,0.27,2.445e-05,0.001687,0.27,4.353e-06,0.0004334
,,,0.272,2.738e-06,0.0003274,0.272,2.503e-05,0.001687,0.272,4.352e-06,0.0004335
,,,0.274,2.717e-06,0.0003275,0.274,2.469e-05,0.001688,0.274,4.335e-06,0.0004336
,,,0.276,2.729e-06,0.0003275,0.276,2.543e-05,0.001688,0.276,4.34e-06,0.0004337
,,,0.278,2.701e-06,0.0003276,0.278,2.469e-05,0.001689,0.278,4.308e-06,0.0004337
,,,0.28,2.717e-06,0.0003277,0.28,2.261e-05,0.001689,0.28,4.319e-06,0.0004338
,,,0.282,2.694e-06,0.0003277,0.282,2.222e-05,0.001689,0.282,4.301e-06,0.0004339
,,,0.284,2.699e-06,0.0003278,0.284,2.395e-05,0.00169,0.284,4.3e-06,0.000434
,,,0.286,2.686e-06,0.0003278,0.286,2.537e-05,0.00169,0.286,4.275e-06,0.0004341
,,,0.288,2.687e-06,0.0003279,0.288,2.555e-05,0.001691,0.288,4.284e-06,0.0004342
,,,0.29,2.663e-06,0.0003279,0.29,2.394e-05,0.001691,0.29,4.255e-06,0.0004343
,,,0.292,2.677e-06,0.000328,0.292,2.297e-05,0.001692,0.292,4.253e-06,0.0004343
,,,0.294,2.649e-06,0.000328,0.294,2.364e-05,0.001692,0.294,4.228e-06,0.0004344
,,,0.296,2.662e-06,0.0003281,0.296,2.427e-05,0.001693,0.296,4.238e-06,0.0004345
,,,0.298,2.642e-06,0.0003281,0.298,2.385e-05,0.001693,0.298,4.208e-06,0.0004346
,,,0.3,2.642e-06,0.0003282,0.3,2.405e-05,0.001694,0.3,4.208e-06,0.0004347
,,,0.302,2.627e-06,0.0003282,0.302,2.239e-05,0.001694,0.302,4.189e-06,0.0004348
,,,0.304,2.633e-06,0.0003283,0.304,2.072e-05,0.001695,0.304,4.193e-06,0.0004348
,,,0.306,2.603e-06,0.0003283,0.306,2.024e-05,0.001695,0.306,4.16e-06,0.0004349
,,,0.308,2.615e-06,0.0003284,0.308,2.139e-05,0.001695,0.308,4.158e-06,0.000435
,,,0.31,2.593e-06,0.0003284,0.31,2.27e-05,0.001696,0.31,4.134e-06,0.0004351
,,,0.312,2.592e-06,0.0003285,0.312,2.286e-05,0.001696,0.312,4.14e-06,0.0004352
,,,0.314,2.572e-06,0.0003286,0.314,2.235e-05,0.001697,0.314,4.108e-06,0.0004353
,,,0.316,2.58e-06,0.0003286,0.316,2.182e-05,0.001697,0.316,4.105e-06,0.0004353
,,,0.318,2.55e-06,0.0003287,0.318,2.168e-05,0.001698,0.318,4.07e-06,0.0004354
,,,0.32,2.559e-06,0.0003287,0.32,2.205e-05,0.001698,0.32,4.076e-06,0.0004355
,,,0.322,2.537e-06,0.0003288,0.322,2.243e-05,0.001699,0.322,4.05e-06,0.0004356
,,,0.324,2.537e-06,0.0003288,0.324,2.171e-05,0.001699,0.324,4.047e-06,0.0004357
,,,0.326,2.506e-06,0.0003289,0.326,2.087e-05,0.001699,0.326,4.014e-06,0.0004357
,,,0.328,2.52e-06,0.0003289,0.328,2.071e-05,0.0017,0.328,4.018e-06,0.0004358
,,,0.33,2.495e-06,0.000329,0.33,2.13e-05,0.0017,0.33,3.993e-06,0.0004359
,,,0.332,2.493e-06,0.000329,0.332,2.206e-05,0.001701,0.332,3.997e-06,0.000436
,,,0.334,2.467e-06,0.0003291,0.334,2.199e-05,0.001701,0.334,3.963e-06,0.0004361
,,,0.336,2.479e-06,0.0003291,0.336,2.104e-05,0.001702,0.336,3.958e-06,0.0004361
,,,0.338,2.449e-06,0.0003292,0.338,2.043e-05,0.001702,0.338,3.92e-06,0.0004362
,,,0.34,2.449e-06,0.0003292,0.34,2.042e-05,0.001702,0.34,3.917e-06,0.0004363
,,,0.342,2.428e-06,0.0003293,0.342,2.051e-05,0.001703,0.342,3.881e-06,0.0004364
,,,0.344,2.433e-06,0.0003293,0.344,2.013e-05,0.001703,0.344,3.877e-06,0.0004365
,,,0.346,2.401e-06,0.0003293,0.346,1.92e-05,0.001704,0.346,3.843e-06,0.0004365
,,,0.348,2.399e-06,0.0003294,0.348,1.822e-05,0.001704,0.348,3.843e-06,0.0004366
,,,0.35,2.373e-06,0.0003294,0.35,1.798e-05,0.001704,0.35,3.81e-06,0.0004367
,,,0.352,2.379e-06,0.0003295,0.352,1.888e-05,0.001705,0.352,3.805e-06,0.0004368
,,,0.354,2.349e-06,0.0003295,0.354,2.031e-05,0.001705,0.354,3.768e-06,0.0004368
,,,0.356,2.345e-06,0.0003296,0.356,2.089e-05,0.001706,0.356,3.762e-06,0.0004369
,,,0.358,2.311e-06,0.0003296,0.358,2.02e-05,0.001706,0.358,3.722e-06,0.000437
,,,0.36,2.319e-06,0.0003297,0.36,1.946e-05,0.001706,0.36,3.716e-06,0.0004371
,,,0.362,2.294e-06,0.0003297,0.362,1.911e-05,0.001707,0.362,3.675e-06,0.0004371
,,,0.364,2.289e-06,0.0003298,0.364,1.916e-05,0.001707,0.364,3.665e-06,0.0004372
,,,0.366,2.256e-06,0.0003298,0.366,1.895e-05,0.001707,0.366,3.626e-06,0.0004373
,,,0.368,2.255e-06,0.0003299,0.368,1.836e-05,0.001708,0.368,3.619e-06,0.0004374
,,,0.37,2.226e-06,0.0003299,0.37,1.767e-05,0.001708,0.37,3.577e-06,0.0004374
,,,0.372,2.231e-06,0.00033,0.372,1.686e-05,0.001709,0.372,3.57e-06,0.0004375
,,,0.374,2.198e-06,0.00033,0.374,1.659e-05,0.001709,0.374,3.53e-06,0.0004376
,,,0.376,2.191e-06,0.00033,0.376,1.711e-05,0.001709,0.376,3.522e-06,0.0004376
,,,0.378,2.158e-06,0.0003301,0.378,1.769e-05,0.00171,0.378,3.48e-06,0.0004377
,,,0.38,2.152e-06,0.0003301,0.38,1.766e-05,0.00171,0.38,3.468e-06,0.0004378
,,,0.382,2.117e-06,0.0003302,0.382,1.72e-05,0.00171,0.382,3.427e-06,0.0004378
,,,0.384,2.121e-06,0.0003302,0.384,1.655e-05,0.001711,0.384,3.418e-06,0.0004379
,,,0.386,2.087e-06,0.0003303,0.386,1.613e-05,0.001711,0.386,3.375e-06,0.000438
,,,0.388,2.087e-06,0.0003303,0.388,1.611e-05,0.001711,0.388,3.36e-06,0.000438
,,,0.39,2.053e-06,0.0003303,0.39,1.591e-05,0.001712,0.39,3.317e-06,0.0004381
,,,0.392,2.044e-06,0.0003304,0.392,1.562e-05,0.001712,0.392,3.302e-06,0.0004382
,,,0.394,2.009e-06,0.0003304,0.394,1.548e-05,0.001712,0.394,3.25e-06,0.0004382
,,,0.396,1.999e-06,0.0003305,0.396,1.478e-05,0.001712,0.396,3.238e-06,0.0004383
,,,0.398,1.963e-06,0.0003305,0.398,1.411e-05,0.001713,0.398,3.192e-06,0.0004384
,,,0.4,1.956e-06,0.0003305,0.4,1.392e-05,0.001713,0.4,3.173e-06,0.0004384
,,,0.402,1.917e-06,0.0003306,0.402,1.405e-05,0.001713,0.402,3.128e-06,0.0004385
,,,0.404,1.913e-06,0.0003306,0.404,1.419e-05,0.001714,0.404,3.109e-06,0.0004386
,,,0.406,1.872e-06,0.0003306,0.406,1.397e-05,0.001714,0.406,3.06e-06,0.0004386
,,,0.408,1.871e-06,0.0003307,0.408,1.342e-05,0.001714,0.408,3.039e-06,0.0004387
,,,0.41,1.831e-06,0.0003307,0.41,1.292e-05,0.001714,0.41,2.989e-06,0.0004387
,,,0.412,1.828e-06,0.0003308,0.412,1.266e-05,0.001715,0.412,2.967e-06,0.0004388
,,,0.414,1.781e-06,0.0003308,0.414,1.239e-05,0.001715,0.414,2.912e-06,0.0004389
,,,0.416,1.78e-06,0.0003308,0.416,1.202e-05,0.001715,0.416,2.889e-06,0.0004389
,,,0.418,1.734e-06,0.0003309,0.418,1.177e-05,0.001715,0.418,2.838e-06,0.000439
,,,0.42,1.729e-06,0.0003309,0.42,1.142e-05,0.001716,0.42,2.82e-06,0.000439
,,,0.422,1.682e-06,0.0003309,0.422,1.099e-05,0.001716,0.422,2.766e-06,0.0004391
,,,0.424,1.678e-06,0.000331,0.424,1.082e-05,0.001716,0.424,2.74e-06,0.0004391
,,,0.426,1.636e-06,0.000331,0.426,1.08e-05,0.001716,0.426,2.687e-06,0.0004392
,,,0.428,1.625e-06,0.000331,0.428,1.085e-05,0.001716,0.428,2.665e-06,0.0004393
,,,0.43,1.576e-06,0.0003311,0.43,1.076e-05,0.001717,0.43,2.61e-06,0.0004393
,,,0.432,1.566e-06,0.0003311,0.432,1.043e-05,0.001717,0.432,2.582e-06,0.0004394
,,,0.434,1.524e-06,0.0003311,0.434,1.004e-05,0.001717,0.434,2.525e-06,0.0004394
,,,0.436,1.511e-06,0.0003312,0.436,9.808e-06,0.001717,0.436,2.498e-06,0.0004395
,,,0.438,1.468e-06,0.0003312,0.438,9.479e-06,0.001717,0.438,2.444e-06,0.0004395
,,,0.44,1.451e-06,0.0003312,0.44,9.196e-06,0.001718,0.44,2.418e-06,0.0004396
,,,0.442,1.395e-06,0.0003312,0.442,9.122e-06,0.001718,0.442,2.356e-06,0.0004396
,,,0.444,1.383e-06,0.0003313,0.444,8.854e-06,0.001718,0.444,2.33e-06,0.0004396
,,,0.446,1.33e-06,0.0003313,0.446,8.44e-06,0.001718,0.446,2.27e-06,0.0004397
,,,0.448,1.317e-06,0.0003313,0.448,8.162e-06,0.001718,0.448,2.242e-06,0.0004397
,,,0.45,1.277e-06,0.0003313,0.45,7.97e-06,0.001718,0.45,2.181e-06,0.0004398
,,,0.452,1.262e-06,0.0003314,0.452,7.892e-06,0.001719,0.452,2.152e-06,0.0004398
,,,0.454,1.222e-06,0.0003314,0.454,7.687e-06,0.001719,0.454,2.095e-06,0.0004399
,,,0.456,1.206e-06,0.0003314,0.456,7.423e-06,0.001719,0.456,2.064e-06,0.0004399
,,,0.458,1.155e-06,0.0003314,0.458,7.167e-06,0.001719,0.458,2.004e-06,0.0004399
,,,0.46,1.136e-06,0.0003315,0.46,7.012e-06,0.001719,0.46,1.972e-06,0.00044
,,,0.462,1.085e-06,0.0003315,0.462,6.824e-06,0.001719,0.462,1.907e-06,0.00044
,,,0.464,1.073e-06,0.0003315,0.464,6.695e-06,0.00172,0.464,1.876e-06,0.0004401
,,,0.466,1.03e-06,0.0003315,0.466,6.503e-06,0.00172,0.466,1.812e-06,0.0004401
,,,0.468,1.014e-06,0.0003315,0.468,6.251e-06,0.00172,0.468,1.781e-06,0.0004401
,,,0.47,9.581e-07,0.0003316,0.47,6.026e-06,0.00172,0.47,1.715e-06,0.0004402
,,,0.472,9.355e-07,0.0003316,0.472,5.941e-06,0.00172,0.472,1.685e-06,0.0004402
,,,0.474,8.886e-07,0.0003316,0.474,5.827e-06,0.00172,0.474,1.621e-06,0.0004402
,,,0.476,8.716e-07,0.0003316,0.476,5.718e-06,0.00172,0.476,1.584e-06,0.0004403
,,,0.478,8.262e-07,0.0003316,0.478,5.485e-06,0.00172,0.478,1.519e-06,0.0004403
,,,0.48,8.021e-07,0.0003317,0.48,5.27e-06,0.00172,0.48,1.481e-06,0.0004403
,,,0.482,7.432e-07,0.0003317,0.482,5.062e-06,0.001721,0.482,1.398e-06,0.0004404
,,,0.484,7.238e-07,0.0003317,0.484,4.885e-06,0.001721,0.484,1.361e-06,0.0004404
,,,0.486,6.782e-07,0.0003317,0.486,4.671e-06,0.001721,0.486,1.294e-06,0.0004404
,,,0.488,6.519e-07,0.0003317,0.488,4.512e-06,0.001721,0.488,1.258e-06,0.0004404
,,,0.49,5.94e-07,0.0003317,0.49,4.291e-06,0.001721,0.49,1.189e-06,0.0004405
,,,0.492,5.73e-07,0.0003317,0.492,4.115e-06,0.001721,0.492,1.151e-06,0.0004405
,,,0.494,5.079e-07,0.0003317,0.494,3.954e-06,0.001721,0.494,1.081e-06,0.0004405
,,,0.496,4.841e-07,0.0003318,0.496,3.856e-06,0.001721,0.496,1.044e-06,0.0004405
,,,0.498,4.332e-07,0.0003318,0.498,3.72e-06,0.001721,0.498,9.703e-07,0.0004405
,,,0.5,4.041e-07,0.0003318,0.5,3.572e-06,0.001721,0.5,9.294e-07,0.0004406
,,,0.502,3.45e-07,0.0003318,0.502,3.379e-06,0.001721,0.502,8.608e-07,0.0004406
,,,0.504,3.212e-07,0.0003318,0.504,3.235e-06,0.001721,0.504,8.208e-07,0.0004406
,,,0.506,2.556e-07,0.0003318,0.506,3.074e-06,0.001721,0.506,7.475e-07,0.0004406
,,,0.508,2.317e-07,0.0003318,0.508,2.93e-06,0.001722,0.508,7.071e-07,0.0004406
,,,0.51,1.644e-07,0.0003318,0.51,2.78e-06,0.001722,0.51,6.322e-07,0.0004406
,,,0.512,1.358e-07,0.0003318,0.512,2.646e-06,0.001722,0.512,5.88e-07,0.0004406
,,,0.514,7.46e-08,0.0003318,0.514,2.486e-06,0.001722,0.514,5.173e-07,0.0004407
,,,0.516,4.499e-08,0.0003318,0.516,2.375e-06,0.001722,0.516,4.787e-07,0.0004407
,,,0.518,-9.892e-10,0.0003318,0.518,2.249e-06,0.001722,0.518,4.075e-07,0.0004407
,,,0.52,-4.742e-08,0.0003318,0.52,2.148e-06,0.001722,0.52,3.669e-07,0.0004407
,,,0.522,-9.661e-08,0.0003318,0.522,2.013e-06,0.001722,0.522,2.98e-07,0.0004407
,,,0.524,-1.414e-07,0.0003318,0.524,1.901e-06,0.001722,0.524,2.594e-07,0.0004407
,,,0.526,-1.881e-07,0.0003318,0.526,1.763e-06,0.001722,0.526,1.894e-07,0.0004407
,,,0.528,-2.175e-07,0.0003318,0.528,1.664e-06,0.001722,0.528,1.526e-07,0.0004407
,,,0.53,-2.617e-07,0.0003318,0.53,1.536e-06,0.001722,0.53,8.585e-08,0.0004407
,,,0.532,-2.949e-07,0.0003318,0.532,1.43e-06,0.001722,0.532,4.886e-08,0.0004407
,,,0.534,-3.404e-07,0.0003318,0.534,1.31e-06,0.001722,0.534,-7.884e-09,0.0004407
,,,0.536,-3.723e-07,0.0003318,0.536,1.219e-06,0.001722,0.536,-4.663e-08,0.0004407
,,,0.538,-4.117e-07,0.0003318,0.538,1.105e-06,0.001722,0.538,-9.947e-08,0.0004407
,,,0.54,-4.39e-07,0.0003317,0.54,1.026e-06,0.001722,0.54,-1.379e-07,0.0004407
,,,0.542,-4.85e-07,0.0003317,0.542,9.323e-07,0.001722,0.542,-1.885e-07,0.0004407
,,,0.544,-5.073e-07,0.0003317,0.544,8.707e-07,0.001722,0.544,-2.285e-07,0.0004407
,,,0.546,-5.388e-07,0.0003317,0.546,7.732e-07,0.001722,0.546,-2.766e-07,0.0004407
,,,0.548,-5.714e-07,0.0003317,0.548,6.996e-07,0.001722,0.548,-3.126e-07,0.0004407
,,,0.55,-6.085e-07,0.0003317,0.55,5.988e-07,0.001722,0.55,-3.531e-07,0.0004407
,,,0.552,-6.323e-07,0.0003317,0.552,5.336e-07,0.001722,0.552,-3.853e-07,0.0004407
,,,0.554,-6.649e-07,0.0003317,0.554,4.449e-07,0.001722,0.554,-4.315e-07,0.0004407
,,,0.556,-6.828e-07,0.0003317,0.556,3.867e-07,0.001722,0.556,-4.651e-07,0.0004406
,,,0.558,-7.239e-07,0.0003316,0.558,3.037e-07,0.001722,0.558,-5.023e-07,0.0004406
,,,0.56,-7.315e-07,0.0003316,0.56,2.583e-07,0.001722,0.56,-5.287e-07,0.0004406
,,,0.562,-7.679e-07,0.0003316,0.562,1.842e-07,0.001722,0.562,-5.691e-07,0.0004406
,,,0.564,-7.816e-07,0.0003316,0.564,1.364e-07,0.001722,0.564,-5.968e-07,0.0004406
,,,0.566,-8.167e-07,0.0003316,0.566,5.953e-08,0.001722,0.566,-6.32e-07,0.0004406
,,,0.568,-8.284e-07,0.0003316,0.568,1.311e-08,0.001722,0.568,-6.56e-07,0.0004406
,,,0.57,-8.559e-07,0.0003315,0.57,-4.648e-08,0.001722,0.57,-6.88e-07,0.0004406
,,,0.572,-8.732e-07,0.0003315,0.572,-9.367e-08,0.001722,0.572,-7.127e-07,0.0004405
,,,0.574,-8.983e-07,0.0003315,0.574,-1.456e-07,0.001722,0.574,-7.425e-07,0.0004405
,,,0.576,-9.159e-07,0.0003315,0.576,-1.938e-07,0.001722,0.576,-7.63e-07,0.0004405
,,,0.578,-9.319e-07,0.0003315,0.578,-2.433e-07,0.001722,0.578,-7.939e-07,0.0004405
,,,0.58,-9.367e-07,0.0003315,0.58,-2.874e-07,0.001722,0.58,-8.128e-07,0.0004405
,,,0.582,-9.699e-07,0.0003314,0.582,-3.38e-07,0.001722,0.582,-8.4e-07,0.0004405
,,,0.584,-9.759e-07,0.0003314,0.584,-3.614e-07,0.001722,0.584,-8.575e-07,0.0004404
,,,0.586,-1.002e-06,0.0003314,0.586,-4.07e-07,0.001722,0.586,-8.845e-07,0.0004404
,,,0.588,-1.013e-06,0.0003314,0.588,-4.381e-07,0.001722,0.588,-9.028e-07,0.0004404
,,,0.59,-1.026e-06,0.0003314,0.59,-4.847e-07,0.001722,0.59,-9.255e-07,0.0004404
,,,0.592,-1.029e-06,0.0003313,0.592,-5.103e-07,0.001722,0.592,-9.355e-07,0.0004404
,,,0.594,-1.058e-06,0.0003313,0.594,-5.409e-07,0.001722,0.594,-9.651e-07,0.0004404
,,,0.596,-1.065e-06,0.0003313,0.596,-5.779e-07,0.001722,0.596,-9.718e-07,0.0004403
,,,0.598,-1.084e-06,0.0003313,0.598,-6.193e-07,0.001722,0.598,-9.976e-07,0.0004403
,,,0.6,-1.086e-06,0.0003312,0.6,-6.34e-07,0.001722,0.6,-1.01e-06,0.0004403
,,,0.602,-1.109e-06,0.0003312,0.602,-6.739e-07,0.001722,0.602,-1.027e-06,0.0004403
,,,0.604,-1.117e-06,0.0003312,0.604,-6.845e-07,0.001722,0.604,-1.036e-06,0.0004403
,,,0.606,-1.124e-06,0.0003312,0.606,-7.245e-07,0.001722,0.606,-1.061e-06,0.0004402
,,,0.608,-1.125e-06,0.0003312,0.608,-7.314e-07,0.001722,0.608,-1.064e-06,0.0004402
,,,0.61,-1.148e-06,0.0003311,0.61,-7.644e-07,0.001722,0.61,-1.088e-06,0.0004402
,,,0.612,-1.153e-06,0.0003311,0.612,-7.773e-07,0.001722,0.612,-1.095e-06,0.0004402
,,,0.614,-1.153e-06,0.0003311,0.614,-7.939e-07,0.001722,0.614,-1.11e-06,0.0004401
,,,0.616,-1.167e-06,0.0003311,0.616,-8.177e-07,0.001722,0.616,-1.112e-06,0.0004401
,,,0.618,-1.181e-06,0.000331,0.618,-8.34e-07,0.001722,0.618,-1.126e-06,0.0004401
,,,0.62,-1.177e-06,0.000331,0.62,-8.526e-07,0.001722,0.62,-1.134e-06,0.0004401
,,,0.622,-1.201e-06,0.000331,0.622,-8.773e-07,0.001722,0.622,-1.153e-06,0.0004401
,,,0.624,-1.2e-06,0.000331,0.624,-8.828e-07,0.001722,0.624,-1.156e-06,0.00044
,,,0.626,-1.213e-06,0.0003309,0.626,-9.177e-07,0.001722,0.626,-1.172e-06,0.00044
,,,0.628,-1.216e-06,0.0003309,0.628,-9.245e-07,0.001722,0.628,-1.175e-06,0.00044
,,,0.63,-1.227e-06,0.0003309,0.63,-9.341e-07,0.001722,0.63,-1.19e-06,0.00044
,,,0.632,-1.222e-06,0.0003309,0.632,-9.397e-07,0.001722,0.632,-1.196e-06,0.0004399
,,,0.634,-1.242e-06,0.0003308,0.634,-9.652e-07,0.001722,0.634,-1.213e-06,0.0004399
,,,0.636,-1.238e-06,0.0003308,0.636,-9.717e-07,0.001722,0.636,-1.211e-06,0.0004399
,,,0.638,-1.257e-06,0.0003308,0.638,-9.846e-07,0.001722,0.638,-1.223e-06,0.0004399
,,,0.64,-1.255e-06,0.0003308,0.64,-9.909e-07,0.001722,0.64,-1.223e-06,0.0004398
,,,0.642,-1.265e-06,0.0003307,0.642,-1.016e-06,0.001722,0.642,-1.24e-06,0.0004398
,,,0.644,-1.266e-06,0.0003307,0.644,-1.023e-06,0.001722,0.644,-1.238e-06,0.0004398
,,,0.646,-1.276e-06,0.0003307,0.646,-1.034e-06,0.001722,0.646,-1.257e-06,0.0004398
,,,0.648,-1.271e-06,0.0003307,0.648,-1.034e-06,0.001722,0.648,-1.254e-06,0.0004397
,,,0.65,-1.29e-06,0.0003306,0.65,-1.062e-06,0.001722,0.65,-1.268e-06,0.0004397
,,,0.652,-1.283e-06,0.0003306,0.652,-1.065e-06,0.001722,0.652,-1.265e-06,0.0004397
,,,0.654,-1.302e-06,0.0003306,0.654,-1.076e-06,0.001722,0.654,-1.276e-06,0.0004397
,,,0.656,-1.3e-06,0.0003306,0.656,-1.074e-06,0.001722,0.656,-1.276e-06,0.0004396
,,,0.658,-1.309e-06,0.0003305,0.658,-1.094e-06,0.001722,0.658,-1.29e-06,0.0004396
,,,0.66,-1.311e-06,0.0003305,0.66,-1.095e-06,0.001722,0.66,-1.29e-06,0.0004396
,,,0.662,-1.317e-06,0.0003305,0.662,-1.116e-06,0.001722,0.662,-1.306e-06,0.0004396
,,,0.664,-1.317e-06,0.0003305,0.664,-1.121e-06,0.001722,0.664,-1.302e-06,0.0004395
,,,0.666,-1.332e-06,0.0003304,0.666,-1.129e-06,0.001722,0.666,-1.317e-06,0.0004395
,,,0.668,-1.322e-06,0.0003304,0.668,-1.126e-06,0.001722,0.668,-1.312e-06,0.0004395
,,,0.67,-1.338e-06,0.0003304,0.67,-1.15e-06,0.001721,0.67,-1.322e-06,0.0004395
,,,0.672,-1.331e-06,0.0003304,0.672,-1.151e-06,0.001721,0.672,-1.32e-06,0.0004394
,,,0.674,-1.347e-06,0.0003303,0.674,-1.163e-06,0.001721,0.674,-1.329e-06,0.0004394
,,,0.676,-1.342e-06,0.0003303,0.676,-1.167e-06,0.001721,0.676,-1.327e-06,0.0004394
,,,0.678,-1.355e-06,0.0003303,0.678,-1.172e-06,0.001721,0.678,-1.339e-06,0.0004394
,,,0.68,-1.354e-06,0.0003302,0.68,-1.171e-06,0.001721,0.68,-1.34e-06,0.0004393
,,,0.682,-1.362e-06,0.0003302,0.682,-1.186e-06,0.001721,0.682,-1.352e-06,0.0004393
,,,0.684,-1.36e-06,0.0003302,0.684,-1.189e-06,0.001721,0.684,-1.347e-06,0.0004393
,,,0.686,-1.368e-06,0.0003302,0.686,-1.21e-06,0.001721,0.686,-1.362e-06,0.0004392
,,,0.688,-1.365e-06,0.0003301,0.688,-1.214e-06,0.001721,0.688,-1.355e-06,0.0004392
,,,0.69,-1.379e-06,0.0003301,0.69,-1.219e-06,0.001721,0.69,-1.367e-06,0.0004392
,,,0.692,-1.369e-06,0.0003301,0.692,-1.219e-06,0.001721,0.692,-1.362e-06,0.0004392
,,,0.694,-1.385e-06,0.0003301,0.694,-1.235e-06,0.001721,0.694,-1.373e-06,0.0004391
,,,0.696,-1.376e-06,0.00033,0.696,-1.23e-06,0.001721,0.696,-1.371e-06,0.0004391
,,,0.698,-1.394e-06,0.00033,0.698,-1.253e-06,0.001721,0.698,-1.379e-06,0.0004391
,,,0.7,-1.388e-06,0.00033,0.7,-1.25e-06,0.001721,0.7,-1.379e-06,0.0004391
,,,0.702,-1.402e-06,0.0003299,0.702,-1.26e-06,0.001721,0.702,-1.391e-06,0.000439
,,,0.704,-1.399e-06,0.0003299,0.704,-1.261e-06,0.001721,0.704,-1.384e-06,0.000439
,,,0.706,-1.407e-06,0.0003299,0.706,-1.269e-06,0.001721,0.706,-1.402e-06,0.000439
,,,0.708,-1.406e-06,0.0003299,0.708,-1.269e-06,0.001721,0.708,-1.394e-06,0.0004389
,,,0.71,-1.412e-06,0.0003298,0.71,-1.289e-06,0.001721,0.71,-1.409e-06,0.0004389
,,,0.712,-1.412e-06,0.0003298,0.712,-1.289e-06,0.001721,0.712,-1.403e-06,0.0004389
,,,0.714,-1.417e-06,0.0003298,0.714,-1.307e-06,0.001721,0.714,-1.414e-06,0.0004389
,,,0.716,-1.415e-06,0.0003297,0.716,-1.31e-06,0.001721,0.716,-1.411e-06,0.0004388
,,,0.718,-1.429e-06,0.0003297,0.718,-1.317e-06,0.001721,0.718,-1.419e-06,0.0004388
,,,0.72,-1.418e-06,0.0003297,0.72,-1.317e-06,0.001721,0.72,-1.417e-06,0.0004388
,,,0.722,-1.436e-06,0.0003297,0.722,-1.329e-06,0.001721,0.722,-1.424e-06,0.0004387
,,,0.724,-1.424e-06,0.0003296,0.724,-1.321e-06,0.001721,0.724,-1.424e-06,0.0004387
,,,0.726,-1.442e-06,0.0003296,0.726,-1.343e-06,0.001721,0.726,-1.432e-06,0.0004387
,,,0.728,-1.432e-06,0.0003296,0.728,-1.339e-06,0.001721,0.728,-1.429e-06,0.0004387
,,,0.73,-1.447e-06,0.0003295,0.73,-1.359e-06,0.001721,0.73,-1.439e-06,0.0004386
,,,0.732,-1.444e-06,0.0003295,0.732,-1.362e-06,0.001721,0.732,-1.435e-06,0.0004386
,,,0.734,-1.455e-06,0.0003295,0.734,-1.371e-06,0.001721,0.734,-1.452e-06,0.0004386
,,,0.736,-1.451e-06,0.0003295,0.736,-1.368e-06,0.001721,0.736,-1.441e-06,0.0004385
,,,0.738,-1.46e-06,0.0003294,0.738,-1.389e-06,0.001721,0.738,-1.459e-06,0.0004385
,,,0.74,-1.457e-06,0.0003294,0.74,-1.387e-06,0.001721,0.74,-1.45e-06,0.0004385
,,,0.742,-1.463e-06,0.0003294,0.742,-1.404e-06,0.001721,0.742,-1.463e-06,0.0004385
,,,0.744,-1.462e-06,0.0003293,0.744,-1.406e-06,0.001721,0.744,-1.457e-06,0.0004384
,,,0.746,-1.47e-06,0.0003293,0.746,-1.411e-06,0.001721,0.746,-1.466e-06,0.0004384
,,,0.748,-1.464e-06,0.0003293,0.748,-1.412e-06,0.00172,0.748,-1.463e-06,0.0004384
,,,0.75,-1.477e-06,0.0003293,0.75,-1.417e-06,0.00172,0.75,-1.473e-06,0.0004383
,,,0.752,-1.469e-06,0.0003292,0.752,-1.416e-06,0.00172,0.752,-1.469e-06,0.0004383
,,,0.754,-1.484e-06,0.0003292,0.754,-1.441e-06,0.00172,0.754,-1.479e-06,0.0004383
,,,0.756,-1.476e-06,0.0003292,0.756,-1.435e-06,0.00172,0.756,-1.477e-06,0.0004382
,,,0.758,-1.491e-06,0.0003291,0.758,-1.456e-06,0.00172,0.758,-1.489e-06,0.0004382
,,,0.76,-1.487e-06,0.0003291,0.76,-1.457e-06,0.00172,0.76,-1.485e-06,0.0004382
,,,0.762,-1.498e-06,0.0003291,0.762,-1.464e-06,0.00172,0.762,-1.5e-06,0.0004382
,,,0.764,-1.493e-06,0.000329,0.764,-1.465e-06,0.00172,0.764,-1.491e-06,0.0004381
,,,0.766,-1.504e-06,0.000329,0.766,-1.482e-06,0.00172,0.766,-1.507e-06,0.0004381
,,,0.768,-1.504e-06,0.000329,0.768,-1.478e-06,0.00172,0.768,-1.501e-06,0.0004381
,,,0.77,-1.508e-06,0.000329,0.77,-1.496e-06,0.00172,0.77,-1.511e-06,0.000438
,,,0.772,-1.508e-06,0.0003289,0.772,-1.491e-06,0.00172,0.772,-1.508e-06,0.000438
,,,0.774,-1.511e-06,0.0003289,0.774,-1.507e-06,0.00172,0.774,-1.513e-06,0.000438
,,,0.776,-1.511e-06,0.0003289,0.776,-1.511e-06,0.00172,0.776,-1.511e-06,0.0004379
,,,0.778,-1.514e-06,0.0003288,0.778,-1.514e-06,0.00172,0.778,-1.515e-06,0.0004379
,,,0.78,-1.513e-06,0.0003288,0.78,-1.514e-06,0.00172,0.78,-1.515e-06,0.0004379
,,,0.782,-1.518e-06,0.0003288,0.782,-1.534e-06,0.00172,0.782,-1.52e-06,0.0004379
,,,0.784,-1.515e-06,0.0003287,0.784,-1.53e-06,0.00172,0.784,-1.521e-06,0.0004378
,,,0.786,-1.525e-06,0.0003287,0.786,-1.552e-06,0.00172,0.786,-1.527e-06,0.0004378
,,,0.788,-1.519e-06,0.0003287,0.788,-1.554e-06,0.00172,0.788,-1.528e-06,0.0004378
,,,0.79,-1.532e-06,0.0003287,0.79,-1.559e-06,0.00172,0.79,-1.538e-06,0.0004377
,,,0.792,-1.524e-06,0.0003286,0.792,-1.56e-06,0.00172,0.792,-1.535e-06,0.0004377
,,,0.794,-1.539e-06,0.0003286,0.794,-1.563e-06,0.00172,0.794,-1.547e-06,0.0004377
,,,0.796,-1.534e-06,0.0003286,0.796,-1.563e-06,0.00172,0.796,-1.541e-06,0.0004376
,,,0.798,-1.547e-06,0.0003285,0.798,-1.587e-06,0.00172,0.798,-1.557e-06,0.0004376
,,,0.8,-1.542e-06,0.0003285,0.8,-1.586e-06,0.00172,0.8,-1.548e-06,0.0004376
,,,0.802,-1.553e-06,0.0003285,0.802,-1.603e-06,0.00172,0.802,-1.561e-06,0.0004375
,,,0.804,-1.551e-06,0.0003284,0.804,-1.607e-06,0.00172,0.804,-1.555e-06,0.0004375
,,,0.806,-1.558e-06,0.0003284,0.806,-1.61e-06,0.00172,0.806,-1.562e-06,0.0004375
,,,0.808,-1.556e-06,0.0003284,0.808,-1.611e-06,0.00172,0.808,-1.561e-06,0.0004375
,,,0.81,-1.562e-06,0.0003283,0.81,-1.627e-06,0.00172,0.81,-1.566e-06,0.0004374
,,,0.812,-1.56e-06,0.0003283,0.812,-1.621e-06,0.00172,0.812,-1.567e-06,0.0004374
,,,0.814,-1.565e-06,0.0003283,0.814,-1.643e-06,0.001719,0.814,-1.573e-06,0.0004374
,,,0.816,-1.562e-06,0.0003282,0.816,-1.635e-06,0.001719,0.816,-1.574e-06,0.0004373
,,,0.818,-1.571e-06,0.0003282,0.818,-1.654e-06,0.001719,0.818,-1.585e-06,0.0004373
,,,0.82,-1.564e-06,0.0003282,0.82,-1.657e-06,0.001719,0.82,-1.58e-06,0.0004373
,,,0.822,-1.576e-06,0.0003282,0.822,-1.681e-06,0.001719,0.822,-1.594e-06,0.0004372
,,,0.824,-1.572e-06,0.0003281,0.824,-1.681e-06,0.001719,0.824,-1.589e-06,0.0004372
,,,0.826,-1.585e-06,0.0003281,0.826,-1.7e-06,0.001719,0.826,-1.605e-06,0.0004372
,,,0.828,-1.581e-06,0.0003281,0.828,-1.704e-06,0.001719,0.828,-1.598e-06,0.0004371
,,,0.83,-1.595e-06,0.000328,0.83,-1.707e-06,0.001719,0.83,-1.609e-06,0.0004371
,,,0.832,-1.592e-06,0.000328,0.832,-1.708e-06,0.001719,0.832,-1.604e-06,0.0004371
,,,0.834,-1.601e-06,0.000328,0.834,-1.717e-06,0.001719,0.834,-1.61e-06,0.000437
,,,0.836,-1.6e-06,0.0003279,0.836,-1.712e-06,0.001719,0.836,-1.61e-06,0.000437
,,,0.838,-1.607e-06,0.0003279,0.838,-1.731e-06,0.001719,0.838,-1.613e-06,0.000437
,,,0.84,-1.606e-06,0.0003279,0.84,-1.724e-06,0.001719,0.84,-1.615e-06,0.0004369
,,,0.842,-1.61e-06,0.0003278,0.842,-1.747e-06,0.001719,0.842,-1.62e-06,0.0004369
,,,0.844,-1.609e-06,0.0003278,0.844,-1.751e-06,0.001719,0.844,-1.621e-06,0.0004369
,,,0.846,-1.613e-06,0.0003278,0.846,-1.757e-06,0.001719,0.846,-1.631e-06,0.0004368
,,,0.848,-1.611e-06,0.0003277,0.848,-1.758e-06,0.001719,0.848,-1.629e-06,0.0004368
,,,0.85,-1.62e-06,0.0003277,0.85,-1.779e-06,0.001719,0.85,-1.645e-06,0.0004368
,,,0.852,-1.614e-06,0.0003277,0.852,-1.773e-06,0.001719,0.852,-1.638e-06,0.0004368
,,,0.854,-1.628e-06,0.0003276,0.854,-1.797e-06,0.001719,0.854,-1.657e-06,0.0004367
,,,0.856,-1.622e-06,0.0003276,0.856,-1.799e-06,0.001719,0.856,-1.652e-06,0.0004367
,,,0.858,-1.639e-06,0.0003276,0.858,-1.803e-06,0.001719,0.858,-1.665e-06,0.0004367
,,,0.86,-1.633e-06,0.0003275,0.86,-1.804e-06,0.001719,0.86,-1.664e-06,0.0004366
,,,0.862,-1.65e-06,0.0003275,0.862,-1.807e-06,0.001719,0.862,-1.678e-06,0.0004366
,,,0.864,-1.643e-06,0.0003275,0.864,-1.806e-06,0.001719,0.864,-1.675e-06,0.0004366
,,,0.866,-1.658e-06,0.0003274,0.866,-1.828e-06,0.001719,0.866,-1.691e-06,0.0004365
,,,0.868,-1.654e-06,0.0003274,0.868,-1.822e-06,0.001719,0.868,-1.686e-06,0.0004365
,,,0.87,-1.67e-06,0.0003274,0.87,-1.846e-06,0.001718,0.87,-1.702e-06,0.0004364
,,,0.872,-1.667e-06,0.0003273,0.872,-1.847e-06,0.001718,0.872,-1.697e-06,0.0004364
,,,0.874,-1.68e-06,0.0003273,0.874,-1.854e-06,0.001718,0.874,-1.707e-06,0.0004364
,,,0.876,-1.677e-06,0.0003273,0.876,-1.855e-06,0.001718,0.876,-1.704e-06,0.0004363
,,,0.878,-1.692e-06,0.0003272,0.878,-1.871e-06,0.001718,0.878,-1.708e-06,0.0004363
,,,0.88,-1.689e-06,0.0003272,0.88,-1.865e-06,0.001718,0.88,-1.709e-06,0.0004363
,,,0.882,-1.701e-06,0.0003272,0.882,-1.885e-06,0.001718,0.882,-1.711e-06,0.0004362
,,,0.884,-1.699e-06,0.0003271,0.884,-1.876e-06,0.001718,0.884,-1.714e-06,0.0004362
,,,0.886,-1.706e-06,0.0003271,0.886,-1.894e-06,0.001718,0.886,-1.719e-06,0.0004362
,,,0.888,-1.706e-06,0.0003271,0.888,-1.898e-06,0.001718,0.888,-1.72e-06,0.0004361
,,,0.89,-1.708e-06,0.000327,0.89,-1.902e-06,0.001718,0.89,-1.732e-06,0.0004361
,,,0.892,-1.707e-06,0.000327,0.892,-1.903e-06,0.001718,0.892,-1.727e-06,0.0004361
,,,0.894,-1.711e-06,0.000327,0.894,-1.909e-06,0.001718,0.894,-1.747e-06,0.000436
,,,0.896,-1.709e-06,0.0003269,0.896,-1.905e-06,0.001718,0.896,-1.735e-06,0.000436
,,,0.898,-1.719e-06,0.0003269,0.898,-1.926e-06,0.001718,0.898,-1.754e-06,0.000436
,,,0.9,-1.714e-06,0.0003269,0.9,-1.927e-06,0.001718,0.9,-1.746e-06,0.0004359
,,,0.902,-1.729e-06,0.0003268,0.902,-1.943e-06,0.001718,0.902,-1.757e-06,0.0004359
,,,0.904,-1.723e-06,0.0003268,0.904,-1.943e-06,0.001718,0.904,-1.755e-06,0.0004359
,,,0.906,-1.739e-06,0.0003268,0.906,-1.947e-06,0.001718,0.906,-1.761e-06,0.0004358
,,,0.908,-1.734e-06,0.0003267,0.908,-1.948e-06,0.001718,0.908,-1.764e-06,0.0004358
,,,0.91,-1.749e-06,0.0003267,0.91,-1.954e-06,0.001718,0.91,-1.771e-06,0.0004358
,,,0.912,-1.744e-06,0.0003267,0.912,-1.955e-06,0.001718,0.912,-1.771e-06,0.0004357
,,,0.914,-1.754e-06,0.0003266,0.914,-1.974e-06,0.001718,0.914,-1.787e-06,0.0004357
,,,0.916,-1.752e-06,0.0003266,0.916,-1.97e-06,0.001718,0.916,-1.778e-06,0.0004356
,,,0.918,-1.758e-06,0.0003266,0.918,-1.99e-06,0.001718,0.918,-1.798e-06,0.0004356
,,,0.92,-1.756e-06,0.0003265,0.92,-1.988e-06,0.001718,0.92,-1.79e-06,0.0004356
,,,0.922,-1.769e-06,0.0003265,0.922,-1.999e-06,0.001717,0.922,-1.805e-06,0.0004355
,,,0.924,-1.763e-06,0.0003264,0.924,-2e-06,0.001717,0.924,-1.798e-06,0.0004355
,,,0.926,-1.778e-06,0.0003264,0.926,-2.003e-06,0.001717,0.926,-1.806e-06,0.0004355
,,,0.928,-1.771e-06,0.0003264,0.928,-2.001e-06,0.001717,0.928,-1.805e-06,0.0004354
,,,0.93,-1.787e-06,0.0003263,0.93,-2.008e-06,0.001717,0.93,-1.808e-06,0.0004354
,,,0.932,-1.783e-06,0.0003263,0.932,-2.003e-06,0.001717,0.932,-1.812e-06,0.0004354
,,,0.934,-1.798e-06,0.0003263,0.934,-2.027e-06,0.001717,0.934,-1.816e-06,0.0004353
,,,0.936,-1.795e-06,0.0003262,0.936,-2.02e-06,0.001717,0.936,-1.817e-06,0.0004353
,,,0.938,-1.802e-06,0.0003262,0.938,-2.039e-06,0.001717,0.938,-1.829e-06,0.0004353
,,,0.94,-1.8e-06,0.0003262,0.94,-2.037e-06,0.001717,0.94,-1.823e-06,0.0004352
,,,0.942,-1.805e-06,0.0003261,0.942,-2.044e-06,0.001717,0.942,-1.842e-06,0.0004352
,,,0.944,-1.804e-06,0.0003261,0.944,-2.046e-06,0.001717,0.944,-1.831e-06,0.0004351
,,,0.946,-1.809e-06,0.0003261,0.946,-2.051e-06,0.001717,0.946,-1.851e-06,0.0004351
,,,0.948,-1.806e-06,0.000326,0.948,-2.05e-06,0.001717,0.948,-1.837e-06,0.0004351
,,,0.95,-1.815e-06,0.000326,0.95,-2.057e-06,0.001717,0.95,-1.854e-06,0.000435
,,,0.952,-1.81e-06,0.0003259,0.952,-2.051e-06,0.001717,0.952,-1.849e-06,0.000435
,,,0.954,-1.823e-06,0.0003259,0.954,-2.062e-06,0.001717,0.954,-1.856e-06,0.000435
,,,0.956,-1.817e-06,0.0003259,0.956,-2.06e-06,0.001717,0.956,-1.858e-06,0.0004349
,,,0.958,-1.835e-06,0.0003258,0.958,-2.082e-06,0.001717,0.958,-1.861e-06,0.0004349
,,,0.96,-1.829e-06,0.0003258,0.96,-2.078e-06,0.001717,0.96,-1.863e-06,0.0004348
,,,0.962,-1.844e-06,0.0003258,0.962,-2.091e-06,0.001717,0.962,-1.872e-06,0.0004348
,,,0.964,-1.836e-06,0.0003257,0.964,-2.092e-06,0.001717,0.964,-1.868e-06,0.0004348
,,,0.966,-1.85e-06,0.0003257,0.966,-2.096e-06,0.001717,0.966,-1.883e-06,0.0004347
,,,0.968,-1.846e-06,0.0003257,0.968,-2.098e-06,0.001717,0.968,-1.876e-06,0.0004347
,,,0.97,-1.854e-06,0.0003256,0.97,-2.1e-06,0.001717,0.97,-1.894e-06,0.0004347
,,,0.972,-1.853e-06,0.0003256,0.972,-2.098e-06,0.001716,0.972,-1.885e-06,0.0004346
,,,0.974,-1.86e-06,0.0003255,0.974,-2.103e-06,0.001716,0.974,-1.901e-06,0.0004346
,,,0.976,-1.856e-06,0.0003255,0.976,-2.099e-06,0.001716,0.976,-1.894e-06,0.0004345
,,,0.978,-1.867e-06,0.0003255,0.978,-2.112e-06,0.001716,0.978,-1.903e-06,0.0004345
,,,0.98,-1.861e-06,0.0003254,0.98,-2.105e-06,0.001716,0.98,-1.899e-06,0.0004345
,,,0.982,-1.876e-06,0.0003254,0.982,-2.126e-06,0.001716,0.982,-1.904e-06,0.0004344
,,,0.984,-1.869e-06,0.0003254,0.984,-2.119e-06,0.001716,0.984,-1.904e-06,0.0004344
,,,0.986,-1.884e-06,0.0003253,0.986,-2.135e-06,0.001716,0.986,-1.905e-06,0.0004344
,,,0.988,-1.878e-06,0.0003253,0.988,-2.129e-06,0.001716,0.988,-1.908e-06,0.0004343
,,,0.99,-1.894e-06,0.0003252,0.99,-2.141e-06,0.001716,0.99,-1.911e-06,0.0004343
,,,0.992,-1.888e-06,0.0003252,0.992,-2.141e-06,0.001716,0.992,-1.912e-06,0.0004342
,,,0.994,-1.899e-06,0.0003252,0.994,-2.145e-06,0.001716,0.994,-1.92e-06,0.0004342
,,,0.996,-1.896e-06,0.0003251,0.996,-2.144e-06,0.001716,0.996,-1.918e-06,0.0004342
,,,0.998,-1.901e-06,0.0003251,0.998,-2.145e-06,0.001716,0.998,-1.931e-06,0.0004341
,,,1.0,-1.901e-06,0.0003251,1.0,-2.146e-06,0.001716,1.0,-1.923e-06,0.0004341
,,,1.002,-1.903e-06,0.000325,1.002,-2.154e-06,0.001716,1.002,-1.943e-06,0.000434
,,,1.004,-1.902e-06,0.000325,1.004,-2.15e-06,0.001716,1.004,-1.931e-06,0.000434
,,,1.006,-1.905e-06,0.0003249,1.006,-2.167e-06,0.001716,1.006,-1.948e-06,0.000434
,,,1.008,-1.904e-06,0.0003249,1.008,-2.157e-06,0.001716,1.008,-1.938e-06,0.0004339
,,,1.01,-1.91e-06,0.0003249,1.01,-2.177e-06,0.001716,1.01,-1.952e-06,0.0004339
,,,1.012,-1.907e-06,0.0003248,1.012,-2.17e-06,0.001716,1.012,-1.946e-06,0.0004339
,,,1.014,-1.918e-06,0.0003248,1.014,-2.186e-06,0.001716,1.014,-1.953e-06,0.0004338
,,,1.016,-1.912e-06,0.0003247,1.016,-2.184e-06,0.001716,1.016,-1.952e-06,0.0004338
,,,1.018,-1.925e-06,0.0003247,1.018,-2.188e-06,0.001715,1.018,-1.955e-06,0.0004337
,,,1.02,-1.92e-06,0.0003247,1.02,-2.186e-06,0.001715,1.02,-1.958e-06,0.0004337
,,,1.022,-1.938e-06,0.0003246,1.022,-2.191e-06,0.001715,1.022,-1.96e-06,0.0004337
,,,1.024,-1.919e-06,0.0003246,1.024,-2.187e-06,0.001715,1.024,-1.957e-06,0.0004336
,,,1.026,-1.94e-06,0.0003246,1.026,-2.194e-06,0.001715,1.026,-1.965e-06,0.0004336
,,,1.028,-1.933e-06,0.0003245,1.028,-2.195e-06,0.001715,1.028,-1.964e-06,0.0004335
,,,1.03,-1.946e-06,0.0003245,1.03,-2.198e-06,0.001715,1.03,-1.977e-06,0.0004335
,,,1.032,-1.941e-06,0.0003244,1.032,-2.196e-06,0.001715,1.032,-1.971e-06,0.0004335
,,,1.034,-1.95e-06,0.0003244,1.034,-2.204e-06,0.001715,1.034,-1.987e-06,0.0004334
,,,1.036,-1.947e-06,0.0003244,1.036,-2.199e-06,0.001715,1.036,-1.977e-06,0.0004334
,,,1.038,-1.952e-06,0.0003243,1.038,-2.219e-06,0.001715,1.038,-1.996e-06,0.0004333
,,,1.04,-1.951e-06,0.0003243,1.04,-2.204e-06,0.001715,1.04,-1.985e-06,0.0004333
,,,1.042,-1.956e-06,0.0003242,1.042,-2.225e-06,0.001715,1.042,-2e-06,0.0004333
,,,1.044,-1.954e-06,0.0003242,1.044,-2.205e-06,0.001715,1.044,-1.992e-06,0.0004332
,,,1.046,-1.961e-06,0.0003242,1.046,-2.23e-06,0.001715,1.046,-2.001e-06,0.0004332
,,,1.048,-1.958e-06,0.0003241,1.048,-2.224e-06,0.001715,1.048,-1.998e-06,0.0004331
,,,1.05,-1.969e-06,0.0003241,1.05,-2.235e-06,0.001715,1.05,-2.002e-06,0.0004331
,,,1.052,-1.966e-06,0.000324,1.052,-2.234e-06,0.001715,1.052,-2.003e-06,0.0004331
,,,1.054,-1.981e-06,0.000324,1.054,-2.241e-06,0.001715,1.054,-2.005e-06,0.000433
,,,1.056,-1.973e-06,0.000324,1.056,-2.24e-06,0.001715,1.056,-2.007e-06,0.000433
,,,1.058,-1.989e-06,0.0003239,1.058,-2.248e-06,0.001715,1.058,-2.01e-06,0.0004329
,,,1.06,-1.983e-06,0.0003239,1.06,-2.245e-06,0.001715,1.06,-2.012e-06,0.0004329
,,,1.062,-1.995e-06,0.0003238,1.062,-2.255e-06,0.001715,1.062,-2.021e-06,0.0004329
,,,1.064,-1.991e-06,0.0003238,1.064,-2.247e-06,0.001714,1.064,-2.016e-06,0.0004328
,,,1.066,-1.999e-06,0.0003238,1.066,-2.258e-06,0.001714,1.066,-2.032e-06,0.0004328
,,,1.068,-1.997e-06,0.0003237,1.068,-2.249e-06,0.001714,1.068,-2.021e-06,0.0004327
,,,1.07,-2.001e-06,0.0003237,1.07,-2.27e-06,0.001714,1.07,-2.042e-06,0.0004327
,,,1.072,-2e-06,0.0003236,1.072,-2.262e-06,0.001714,1.072,-2.028e-06,0.0004327
,,,1.074,-2.004e-06,0.0003236,1.074,-2.281e-06,0.001714,1.074,-2.048e-06,0.0004326
,,,1.076,-2.003e-06,0.0003236,1.076,-2.279e-06,0.001714,1.076,-2.039e-06,0.0004326
,,,1.078,-2.01e-06,0.0003235,1.078,-2.286e-06,0.001714,1.078,-2.05e-06,0.0004325
,,,1.08,-2.006e-06,0.0003235,1.08,-2.288e-06,0.001714,1.08,-2.045e-06,0.0004325
,,,1.082,-2.018e-06,0.0003234,1.082,-2.292e-06,0.001714,1.082,-2.051e-06,0.0004325
,,,1.084,-2.013e-06,0.0003234,1.084,-2.293e-06,0.001714,1.084,-2.052e-06,0.0004324
,,,1.086,-2.032e-06,0.0003234,1.086,-2.294e-06,0.001714,1.086,-2.054e-06,0.0004324
,,,1.088,-2.021e-06,0.0003233,1.088,-2.293e-06,0.001714,1.088,-2.056e-06,0.0004323
,,,1.09,-2.041e-06,0.0003233,1.09,-2.296e-06,0.001714,1.09,-2.062e-06,0.0004323
,,,1.092,-2.031e-06,0.0003232,1.092,-2.295e-06,0.001714,1.092,-2.064e-06,0.0004322
,,,1.094,-2.046e-06,0.0003232,1.094,-2.308e-06,0.001714,1.094,-2.075e-06,0.0004322
,,,1.096,-2.041e-06,0.0003232,1.096,-2.301e-06,0.001714,1.096,-2.072e-06,0.0004322
,,,1.098,-2.048e-06,0.0003231,1.098,-2.324e-06,0.001714,1.098,-2.09e-06,0.0004321
,,,1.1,-1.932e-06,0.0003231,1.1,-2.212e-06,0.001714,1.1,-1.966e-06,0.0004321
